"Agent_ID","Cluster","Team_Size","Sprint_Length_Weeks","Commit_Frequency_Per_Day","Security_Debt","Vulnerabilities_Open","Automated_Scan_Coverage"
1,"Cluster 2",-0.197399961573898,-1.41052157418532,0.172201271967936,-0.233924591090896,-0.352752765405741,-0.19775557472376
2,"Cluster 3",1.5272557473807,-0.0629330673254363,-1.63866975531054,1.16505186248833,1.22303623198498,-1.13636586348492
3,"Cluster 1",-1.02778974736685,-0.0629330673254363,1.58065651540675,-1.04549562727453,-1.02809090714462,0.851279453891651
4,"Cluster 3",1.39950347264332,-0.0629330673254363,-1.03504607955105,1.37503557478161,1.33559258894147,-1.35721534319342
5,"Cluster 3",1.71888415948677,-0.0629330673254363,-1.43746186339071,1.38144030674699,1.1104798750285,-1.02594112363066
6,"Cluster 2",0.058104587900858,-1.41052157418532,-0.230214511871725,0.378184792456849,0.210029019376661,-0.529029794286521
7,"Cluster 1",-0.900037472629475,-0.0629330673254363,0.574617055807596,-1.24404231820108,-1.47831633497055,1.73467737272568
8,"Cluster 3",1.65500802211808,-0.0629330673254363,-1.03504607955105,1.73095567971446,1.44814894589795,-1.74370193268331
9,"Cluster 1",-1.09166588473554,-0.0629330673254363,1.37944862348692,-1.23352025854368,-1.47831633497055,1.45861552309005
10,"Cluster 1",-0.836161335260786,2.63224394639433,1.37944862348692,-1.4338968728889,-1.36575997801407,1.23776604338154
11,"Cluster 3",1.71888415948677,-0.0629330673254363,-0.833838187631215,1.19661804146052,1.44814894589795,-0.694666904067902
12,"Cluster 1",-1.28329429684161,-0.0629330673254363,0.977032839647257,-1.11915004487631,-0.802978193231663,0.906491823818778
13,"Cluster 1",-1.21941815947292,1.28465543953445,0.775824947727427,-0.946222281811254,-0.915534550188143,0.575217604256017
14,"Cluster 1",-1.02778974736685,-0.0629330673254363,1.37944862348692,-0.958574264887329,-1.02809090714462,0.961704193745905
15,"Cluster 2",0.121980725269547,-1.41052157418532,-0.632630295711385,-0.361104268689007,-0.240196408449261,0.243943384693255
16,"Cluster 3",1.78276029685546,-0.0629330673254363,-1.23625397147088,1.59599882758697,1.78581801676739,-1.52285245297481
17,"Cluster 2",-0.133523824205209,-1.41052157418532,-0.632630295711385,0.0108276661572683,-0.12764005149278,-0.308180314578014
18,"Cluster 2",-0.133523824205209,-1.41052157418532,-0.632630295711385,0.143497114011413,0.0974726624201804,-0.473817424359394
19,"Cluster 2",-0.580656785786031,-0.0629330673254363,0.172201271967936,0.166371156744887,0.322585376333141,-0.0321184649423791
20,"Cluster 3",1.33562733527464,1.28465543953445,-1.63866975531054,1.37640801734562,1.1104798750285,-0.805091643922156
21,"Cluster 3",1.71888415948677,-0.0629330673254363,-1.23625397147088,1.40385686862579,1.22303623198498,-1.13636586348492
22,"Cluster 1",-1.09166588473554,-0.0629330673254363,0.574617055807596,-1.28521559512133,-1.1406472641011,1.01691656367303
23,"Cluster 1",-1.09166588473554,-0.0629330673254363,1.78186440732658,-1.43938664314494,-1.59087269192703,1.67946500279855
24,"Cluster 3",1.01624664843119,-0.0629330673254363,-1.43746186339071,1.28674176983041,1.33559258894147,-0.805091643922156
25,"Cluster 1",-1.28329429684161,-0.0629330673254363,1.58065651540675,-1.01758929513969,-1.25320362105758,0.740854714037397
26,"Cluster 1",-0.836161335260786,-0.0629330673254363,0.775824947727427,-1.05830509120527,-1.1406472641011,1.62425263287143
28,"Cluster 1",-1.41104657157899,-1.41052157418532,1.58065651540675,-1.13699179820842,-1.02809090714462,0.961704193745905
29,"Cluster 2",-0.261276098942586,-1.41052157418532,-0.230214511871725,0.113303377603229,0.0974726624201804,-0.19775557472376
30,"Cluster 2",0.121980725269547,-1.41052157418532,-0.431422403791555,-0.189091467333288,-0.0150836945363,0.464792864401763
31,"Cluster 3",1.14399892316857,-0.0629330673254363,-1.03504607955105,1.44045533699935,1.22303623198498,-1.24679060333917
32,"Cluster 3",1.39950347264332,-1.41052157418532,-1.03504607955105,1.69115484535822,1.56070530285443,-1.57806482290193
33,"Cluster 1",-0.836161335260786,-0.0629330673254363,1.98307229924641,-0.726173990715241,-0.690421836275183,0.0783062749118747
34,"Cluster 3",1.5272557473807,-1.41052157418532,-1.23625397147088,1.46744670742485,1.56070530285443,-1.13636586348492
35,"Cluster 2",-0.197399961573898,-0.0629330673254363,-0.0290066199518942,-0.0417826321297201,0.0974726624201804,0.0783062749118747
36,"Cluster 1",-1.41104657157899,-0.0629330673254363,0.574617055807596,-1.41239527271944,-1.25320362105758,1.18255367345441
37,"Cluster 3",1.59113188474939,-0.0629330673254363,-1.43746186339071,1.68063278570082,1.67326165981091,-1.90933904246469
38,"Cluster 2",-0.133523824205209,-0.0629330673254363,-0.0290066199518942,-0.0266857639256278,0.210029019376661,-0.529029794286521
39,"Cluster 2",-0.0696476868365198,-0.0629330673254363,0.172201271967936,0.364460366816765,0.547698090246102,-0.749879273995029
40,"Cluster 2",0.377485274744302,-1.41052157418532,-0.230214511871725,-0.00564164461083239,-0.0150836945363,-0.418605054432267
41,"Cluster 2",-0.197399961573898,-0.0629330673254363,-0.431422403791555,-0.383978311422481,-0.12764005149278,0.0230939049847478
42,"Cluster 1",-0.900037472629475,-0.0629330673254363,0.775824947727427,-1.02536646966907,-1.1406472641011,1.18255367345441
43,"Cluster 1",-0.836161335260786,-0.0629330673254363,1.17824073156709,-1.16352568777925,-0.915534550188143,1.51382789301717
44,"Cluster 2",0.121980725269547,-1.41052157418532,-0.431422403791555,0.267931906481508,0.435141733289622,-0.142543204796633
45,"Cluster 2",-0.261276098942586,-0.0629330673254363,-0.0290066199518942,-0.43567364800013,-0.465309122362222,0.409580494474636
46,"Cluster 2",-0.00577154946783087,-0.0629330673254363,-0.230214511871725,0.193362527170385,0.322585376333141,0.0783062749118747
47,"Cluster 2",0.249733000006925,1.28465543953445,-1.03504607955105,0.280741370412253,0.0974726624201804,-0.308180314578014
48,"Cluster 1",-0.900037472629475,-0.0629330673254363,1.17824073156709,-0.934327779589847,-0.690421836275183,1.18255367345441
49,"Cluster 2",0.058104587900858,-1.41052157418532,0.775824947727427,0.310477625965768,0.210029019376661,-0.252967944650887
51,"Cluster 2",0.249733000006925,-0.0629330673254363,-0.0290066199518942,0.00854026188392114,-0.0150836945363,-0.0321184649423791
52,"Cluster 1",-1.02778974736685,-0.0629330673254363,1.17824073156709,-0.826819778742523,-0.915534550188143,0.740854714037397
53,"Cluster 3",1.65500802211808,-0.0629330673254363,-1.03504607955105,1.5804444785282,1.56070530285443,-1.41242771312055
54,"Cluster 2",0.121980725269547,-0.0629330673254363,-0.230214511871725,0.389164332968916,0.210029019376661,0.0230939049847478
55,"Cluster 1",-1.3471704342103,-0.0629330673254363,1.37944862348692,-1.22482812230496,-1.25320362105758,1.23776604338154
56,"Cluster 2",0.313609137375614,-1.41052157418532,-0.431422403791555,0.0378190365827666,-0.12764005149278,-0.087330834869506
57,"Cluster 2",0.058104587900858,-0.0629330673254363,-0.230214511871725,0.287146102377625,0.547698090246102,-0.639454534140775
58,"Cluster 3",1.39950347264332,-0.0629330673254363,-1.63866975531054,1.62985241083251,1.56070530285443,-1.74370193268331
59,"Cluster 3",1.59113188474939,-1.41052157418532,-0.833838187631215,1.16047705394163,1.1104798750285,-1.13636586348492
60,"Cluster 2",0.058104587900858,-0.0629330673254363,-0.431422403791555,0.145327037430091,-0.0150836945363,0.0230939049847478
61,"Cluster 1",-0.963913609998164,1.28465543953445,1.58065651540675,-1.285673075976,-1.47831633497055,1.34819078323579
62,"Cluster 2",-0.0696476868365198,-1.41052157418532,0.574617055807596,0.0181473598319796,-0.0150836945363,-0.0321184649423791
63,"Cluster 2",-0.580656785786031,-0.0629330673254363,-0.230214511871725,-0.390840524242522,-0.577865479318702,0.464792864401763
64,"Cluster 2",0.058104587900858,-0.0629330673254363,0.172201271967936,-0.0143337808495521,-0.12764005149278,-0.308180314578014
65,"Cluster 3",1.27175119790595,-1.41052157418532,-1.23625397147088,1.61475554262841,1.78581801676739,-1.63327719282906
66,"Cluster 1",-1.15554202210423,-0.0629330673254363,0.373409163887766,-1.20607140726351,-0.915534550188143,0.796067083964524
67,"Cluster 3",1.71888415948677,1.28465543953445,-0.833838187631215,1.24739841632883,1.22303623198498,-1.24679060333917
68,"Cluster 3",1.59113188474939,-0.0629330673254363,-1.63866975531054,0.930364184042894,0.997923518072024,-0.805091643922156
70,"Cluster 1",-1.02778974736685,1.28465543953445,1.58065651540675,-1.28155574828397,-1.1406472641011,1.23776604338154
71,"Cluster 3",1.65500802211808,-0.0629330673254363,-0.833838187631215,1.38464267272967,1.44814894589795,-0.694666904067902
72,"Cluster 1",-1.15554202210423,-0.0629330673254363,0.977032839647257,-1.50526388621734,-1.47831633497055,1.90031448250706
73,"Cluster 1",-0.836161335260786,-0.0629330673254363,0.574617055807596,-1.06608226573465,-0.915534550188143,1.01691656367303
74,"Cluster 2",0.441361412112991,-0.0629330673254363,0.172201271967936,-0.471814635519018,-0.240196408449261,0.906491823818778
75,"Cluster 1",-1.21941815947292,1.28465543953445,0.775824947727427,-1.06562478487998,-0.915534550188143,1.45861552309005
76,"Cluster 2",0.313609137375614,1.28465543953445,0.574617055807596,0.25786732767878,0.210029019376661,-0.252967944650887
77,"Cluster 2",-0.00577154946783087,1.28465543953445,-0.230214511871725,-0.227977339980193,-0.352752765405741,0.354368124547509
78,"Cluster 1",-0.963913609998164,-0.0629330673254363,0.977032839647257,-1.38997871084064,-1.47831633497055,1.45861552309005
79,"Cluster 2",-0.261276098942586,2.63224394639433,-0.632630295711385,0.192905046315715,0.0974726624201804,-0.0321184649423791
80,"Cluster 2",-0.197399961573898,-1.41052157418532,-0.431422403791555,0.105068722219178,0.322585376333141,-0.0321184649423791
81,"Cluster 2",-0.261276098942586,1.28465543953445,-0.0290066199518942,-0.17856940767589,-0.12764005149278,0.464792864401763
82,"Cluster 1",-1.15554202210423,-1.41052157418532,1.17824073156709,-0.878057634465503,-0.915534550188143,0.906491823818778
83,"Cluster 1",-0.516780648417342,-0.0629330673254363,1.17824073156709,-1.43023702605155,-1.1406472641011,1.5690402629443
84,"Cluster 3",1.71888415948677,-1.41052157418532,-1.63866975531054,1.80781246329893,1.67326165981091,-1.3020029732663
85,"Cluster 2",-0.133523824205209,-1.41052157418532,-0.230214511871725,-0.0193660702509166,-0.12764005149278,0.188731014766128
86,"Cluster 1",-0.772285197892097,2.63224394639433,1.17824073156709,-1.13104454709772,-1.25320362105758,1.23776604338154
87,"Cluster 3",1.59113188474939,-0.0629330673254363,-1.23625397147088,1.04290447429158,1.22303623198498,-1.02594112363066
88,"Cluster 3",1.39950347264332,-0.0629330673254363,-1.43746186339071,1.22269445017668,0.997923518072024,-0.805091643922156
89,"Cluster 3",1.71888415948677,-0.0629330673254363,-1.63866975531054,1.3123606976919,1.22303623198498,-1.41242771312055
90,"Cluster 2",-0.0696476868365198,-0.0629330673254363,0.574617055807596,-0.143343381866341,0.0974726624201804,-0.19775557472376
91,"Cluster 2",-0.0696476868365198,-0.0629330673254363,-0.230214511871725,-0.237126957073582,-0.12764005149278,0.354368124547509
92,"Cluster 1",-1.3471704342103,-0.0629330673254363,1.37944862348692,-1.04458066556519,-0.915534550188143,1.29297841330867
93,"Cluster 2",0.058104587900858,-0.0629330673254363,-0.230214511871725,0.670057577735968,0.435141733289622,-0.639454534140775
95,"Cluster 2",-0.0696476868365198,-0.0629330673254363,-0.833838187631215,-0.540894244574107,-0.465309122362222,0.796067083964524
96,"Cluster 2",-0.261276098942586,-0.0629330673254363,-0.230214511871725,-0.180856811949238,-0.0150836945363,0.243943384693255
97,"Cluster 3",1.97438870896152,-0.0629330673254363,-1.43746186339071,1.10237698539861,0.885367161115543,-0.639454534140775
98,"Cluster 2",-0.197399961573898,-0.0629330673254363,0.172201271967936,0.0163174364133018,-0.12764005149278,0.464792864401763
99,"Cluster 1",-0.900037472629475,-0.0629330673254363,1.37944862348692,-1.40004328964336,-1.36575997801407,1.45861552309005
100,"Cluster 1",-1.02778974736685,-0.0629330673254363,0.574617055807596,-0.811265429683761,-0.690421836275183,0.740854714037397
101,"Cluster 1",-1.21941815947292,-0.0629330673254363,1.17824073156709,-1.3904361916953,-1.59087269192703,0.630429974183144
102,"Cluster 2",0.121980725269547,-1.41052157418532,0.775824947727427,0.107356126492526,-0.0150836945363,-0.19775557472376
103,"Cluster 1",-0.516780648417342,-1.41052157418532,0.775824947727427,-0.327708166298136,-0.240196408449261,0.243943384693255
104,"Cluster 3",1.59113188474939,-1.41052157418532,-1.63866975531054,1.47385143939022,1.67326165981091,-0.915516383776409
105,"Cluster 1",-1.02778974736685,1.28465543953445,1.78186440732658,-1.14980126213917,-1.25320362105758,0.68564234411027
106,"Cluster 3",1.59113188474939,-1.41052157418532,-0.632630295711385,1.86499757013261,2.01093073068035,-1.57806482290193
107,"Cluster 3",1.27175119790595,-0.0629330673254363,-1.63866975531054,1.49352311614101,1.33559258894147,-1.19157823341204
108,"Cluster 1",-1.21941815947292,-0.0629330673254363,1.37944862348692,-1.03177120163444,-1.02809090714462,1.51382789301717
109,"Cluster 1",-1.21941815947292,-0.0629330673254363,1.17824073156709,-0.938445107281873,-0.690421836275183,1.01691656367303
110,"Cluster 2",-0.261276098942586,2.63224394639433,-0.431422403791555,-0.321760915187433,-0.352752765405741,0.354368124547509
111,"Cluster 3",1.59113188474939,-0.0629330673254363,-1.03504607955105,1.35902374486818,1.22303623198498,-0.970728753703536
112,"Cluster 2",0.058104587900858,-1.41052157418532,-0.230214511871725,-0.182686735367916,-0.465309122362222,0.354368124547509
113,"Cluster 2",0.185856862638236,1.28465543953445,0.172201271967936,-0.129618956226258,-0.12764005149278,0.0783062749118747
114,"Cluster 3",1.33562733527464,-0.0629330673254363,-1.03504607955105,1.11244156420134,1.22303623198498,-0.584242164213648
115,"Cluster 1",-0.900037472629475,-0.0629330673254363,0.775824947727427,-1.20698636897285,-1.25320362105758,1.23776604338154
116,"Cluster 2",-0.133523824205209,-0.0629330673254363,-0.431422403791555,0.180095582384971,0.322585376333141,-0.363392684505141
117,"Cluster 1",-0.64453292315472,-0.0629330673254363,1.17824073156709,-1.01347196744766,-0.690421836275183,1.18255367345441
118,"Cluster 3",1.33562733527464,-0.0629330673254363,-0.833838187631215,1.16642430505234,1.33559258894147,-1.57806482290193
120,"Cluster 1",-0.963913609998164,-1.41052157418532,1.58065651540675,-0.984650673603489,-0.915534550188143,0.906491823818778
121,"Cluster 1",-0.836161335260786,-0.0629330673254363,0.775824947727427,-0.885377328140215,-0.802978193231663,0.906491823818778
122,"Cluster 2",-0.133523824205209,-0.0629330673254363,-0.230214511871725,-0.231637186817548,-0.12764005149278,0.299155754620382
123,"Cluster 2",-0.197399961573898,-0.0629330673254363,0.775824947727427,0.301328008872379,0.210029019376661,0.0230939049847478
124,"Cluster 2",0.058104587900858,1.28465543953445,-0.431422403791555,0.0195198023959881,-0.12764005149278,-0.584242164213648
125,"Cluster 2",-0.197399961573898,-0.0629330673254363,0.373409163887766,-0.355614498432973,-0.240196408449261,0.188731014766128
126,"Cluster 3",2.16601712106759,-1.41052157418532,-1.43746186339071,1.39745213666042,1.33559258894147,-1.79891430261044
127,"Cluster 2",-0.00577154946783087,-0.0629330673254363,-0.0290066199518942,0.0122001087212768,0.210029019376661,-0.308180314578014
128,"Cluster 2",-0.197399961573898,1.28465543953445,0.373409163887766,-0.172164675710518,-0.240196408449261,0.133518644839002
129,"Cluster 2",-0.133523824205209,-0.0629330673254363,-0.230214511871725,-0.0513897300777789,-0.240196408449261,0.133518644839002
130,"Cluster 1",-1.15554202210423,-0.0629330673254363,1.58065651540675,-1.33736841255365,-1.1406472641011,1.40340315316292
131,"Cluster 1",-1.02778974736685,-0.0629330673254363,1.37944862348692,-1.3680196298165,-1.25320362105758,1.73467737272568
132,"Cluster 3",1.5272557473807,-0.0629330673254363,-1.03504607955105,1.32013787222128,1.44814894589795,-1.52285245297481
133,"Cluster 1",-0.900037472629475,-0.0629330673254363,1.17824073156709,-1.19646430931545,-1.36575997801407,0.961704193745905
134,"Cluster 1",-1.41104657157899,-0.0629330673254363,1.58065651540675,-1.00935463975564,-0.690421836275183,1.40340315316292
135,"Cluster 1",-0.963913609998164,-0.0629330673254363,0.775824947727427,-0.736696050372638,-0.802978193231663,0.68564234411027
136,"Cluster 1",-0.900037472629475,-0.0629330673254363,1.17824073156709,-1.26325651409719,-1.36575997801407,1.01691656367303
137,"Cluster 3",1.5272557473807,-0.0629330673254363,-1.23625397147088,1.21720467992065,1.33559258894147,-1.02594112363066
138,"Cluster 3",1.78276029685546,1.28465543953445,-1.43746186339071,1.18518102009379,1.1104798750285,-1.74370193268331
139,"Cluster 3",1.46337961001201,-0.0629330673254363,-0.431422403791555,1.97799534123597,2.12348708763683,-2.1301885221732
140,"Cluster 1",-1.02778974736685,-0.0629330673254363,1.78186440732658,-1.28430063341199,-1.25320362105758,1.34819078323579
141,"Cluster 2",0.058104587900858,-0.0629330673254363,0.172201271967936,-0.169419790582501,-0.12764005149278,0.354368124547509
142,"Cluster 1",-0.836161335260786,-0.0629330673254363,1.58065651540675,-1.37625428520055,-1.36575997801407,1.40340315316292
143,"Cluster 2",-0.00577154946783087,-0.0629330673254363,-0.0290066199518942,-0.0783811005032776,0.0974726624201804,0.0230939049847478
144,"Cluster 2",0.058104587900858,-0.0629330673254363,-0.833838187631215,-0.557821036196877,-0.465309122362222,0.0783062749118747
145,"Cluster 3",1.59113188474939,-0.0629330673254363,-1.63866975531054,1.1385179729175,0.885367161115543,-1.19157823341204
146,"Cluster 2",0.121980725269547,-1.41052157418532,0.172201271967936,-0.26411832749908,-0.352752765405741,0.354368124547509
147,"Cluster 2",-0.261276098942586,-0.0629330673254363,-0.230214511871725,0.574901559964719,0.322585376333141,-0.584242164213648
148,"Cluster 2",-0.452904511048653,-1.41052157418532,-0.431422403791555,-0.0463574406764148,-0.240196408449261,0.354368124547509
149,"Cluster 2",-0.197399961573898,-0.0629330673254363,0.373409163887766,0.260154731952127,0.322585376333141,-0.418605054432267
150,"Cluster 1",-0.900037472629475,1.28465543953445,1.37944862348692,-1.05464524436792,-1.1406472641011,1.12734130352729
151,"Cluster 3",1.71888415948677,-1.41052157418532,-1.03504607955105,1.58227440194688,1.67326165981091,-1.19157823341204
152,"Cluster 1",-1.21941815947292,-0.0629330673254363,1.37944862348692,-1.40827794502741,-1.25320362105758,1.40340315316292
153,"Cluster 2",0.058104587900858,-0.0629330673254363,-0.431422403791555,0.245515344602704,-0.0150836945363,-0.19775557472376
154,"Cluster 2",0.121980725269547,-0.0629330673254363,0.373409163887766,0.155849097087489,0.322585376333141,0.188731014766128
155,"Cluster 2",0.121980725269547,-0.0629330673254363,-0.0290066199518942,0.2066294719558,0.435141733289622,-0.19775557472376
156,"Cluster 2",-0.00577154946783087,-0.0629330673254363,0.172201271967936,0.0520009430775202,-0.12764005149278,-0.087330834869506
157,"Cluster 1",-1.09166588473554,-0.0629330673254363,1.17824073156709,-1.14293904931912,-1.25320362105758,0.740854714037397
158,"Cluster 2",-0.0696476868365198,-0.0629330673254363,-0.632630295711385,-0.0340054576003395,-0.240196408449261,-0.0321184649423791
159,"Cluster 1",-0.900037472629475,1.28465543953445,1.17824073156709,-0.618208509013247,-0.465309122362222,0.630429974183144
160,"Cluster 2",-0.0696476868365198,-0.0629330673254363,-0.632630295711385,0.127942764952652,0.322585376333141,0.133518644839002
161,"Cluster 1",-1.15554202210423,-1.41052157418532,0.775824947727427,-1.19326194333276,-1.36575997801407,1.29297841330867
162,"Cluster 2",0.058104587900858,-0.0629330673254363,-0.230214511871725,-0.296141987325943,-0.240196408449261,0.299155754620382
163,"Cluster 1",-0.772285197892097,-0.0629330673254363,1.37944862348692,-1.24312735649174,-1.36575997801407,1.07212893360016
164,"Cluster 2",-0.00577154946783087,1.28465543953445,-0.833838187631215,-0.147460709558367,-0.12764005149278,0.243943384693255
165,"Cluster 2",-0.197399961573898,2.63224394639433,0.574617055807596,-0.508413103892575,-0.577865479318702,0.575217604256017
166,"Cluster 1",-0.836161335260786,-0.0629330673254363,0.977032839647257,-0.768719710199501,-0.690421836275183,0.243943384693255
167,"Cluster 1",-1.15554202210423,-0.0629330673254363,0.977032839647257,-0.934327779589847,-0.915534550188143,0.851279453891651
168,"Cluster 2",-0.452904511048653,-0.0629330673254363,-0.833838187631215,0.268846868190847,0.435141733289622,-0.363392684505141
169,"Cluster 1",-1.09166588473554,-0.0629330673254363,0.977032839647257,-0.704214909691106,-0.465309122362222,0.243943384693255
170,"Cluster 2",-0.197399961573898,-0.0629330673254363,-0.0290066199518942,-0.28150259997652,-0.12764005149278,0.354368124547509
171,"Cluster 1",-1.02778974736685,1.28465543953445,0.775824947727427,-1.4984016733973,-1.25320362105758,1.67946500279855
172,"Cluster 2",0.313609137375614,-0.0629330673254363,-0.833838187631215,0.0378190365827666,-0.12764005149278,0.0783062749118747
173,"Cluster 3",1.91051257159284,-1.41052157418532,-0.833838187631215,1.44137029870869,1.22303623198498,-1.68848956275619
174,"Cluster 1",-1.09166588473554,-1.41052157418532,1.58065651540675,-0.746760629175367,-0.577865479318702,0.851279453891651
175,"Cluster 1",-1.09166588473554,-0.0629330673254363,1.78186440732658,-1.46729297527977,-1.70342904888351,1.18255367345441
176,"Cluster 1",-0.900037472629475,-0.0629330673254363,0.977032839647257,-1.45128114536634,-1.1406472641011,1.5690402629443
177,"Cluster 2",-0.00577154946783087,-1.41052157418532,-0.0290066199518942,0.154476654523481,-0.0150836945363,0.0230939049847478
178,"Cluster 1",-1.41104657157899,-1.41052157418532,1.17824073156709,-1.14568393444714,-1.36575997801407,0.796067083964524
179,"Cluster 3",1.46337961001201,1.28465543953445,-0.833838187631215,1.11655889189337,0.772810804159063,-0.860304013849283
180,"Cluster 1",-1.28329429684161,-0.0629330673254363,1.58065651540675,-0.980990826766133,-0.915534550188143,0.796067083964524
181,"Cluster 3",1.33562733527464,-0.0629330673254363,-1.03504607955105,1.22864170128739,1.44814894589795,-1.13636586348492
182,"Cluster 2",0.185856862638236,-0.0629330673254363,0.373409163887766,0.19747985486241,0.435141733289622,-0.252967944650887
183,"Cluster 1",-1.02778974736685,-1.41052157418532,0.775824947727427,-0.946222281811254,-1.1406472641011,1.01691656367303
184,"Cluster 2",-0.00577154946783087,1.28465543953445,-0.230214511871725,0.178265658966293,0.210029019376661,0.0230939049847478
185,"Cluster 1",-1.02778974736685,-1.41052157418532,1.37944862348692,-0.819500085067812,-0.915534550188143,0.630429974183144
186,"Cluster 1",-0.708409060523409,-0.0629330673254363,1.58065651540675,-1.1058831000909,-0.802978193231663,1.01691656367303
187,"Cluster 2",0.058104587900858,-1.41052157418532,-0.0290066199518942,-0.396330294498556,-0.12764005149278,-0.363392684505141
189,"Cluster 3",1.5272557473807,-1.41052157418532,-1.43746186339071,1.78814078654814,1.56070530285443,-1.63327719282906
190,"Cluster 3",1.27175119790595,-1.41052157418532,-1.63866975531054,0.933109069170911,0.997923518072024,-0.915516383776409
191,"Cluster 2",0.313609137375614,1.28465543953445,0.172201271967936,0.196107412298402,0.0974726624201804,-0.308180314578014
192,"Cluster 2",0.058104587900858,-1.41052157418532,0.373409163887766,0.277081523574897,0.435141733289622,-0.142543204796633
193,"Cluster 3",1.33562733527464,-1.41052157418532,-1.03504607955105,1.61155317664573,1.78581801676739,-1.41242771312055
194,"Cluster 1",-1.09166588473554,-0.0629330673254363,1.37944862348692,-1.12601225769635,-1.1406472641011,0.851279453891651
195,"Cluster 3",1.46337961001201,-0.0629330673254363,-1.63866975531054,1.04930920625696,1.1104798750285,-1.52285245297481
196,"Cluster 1",-1.3471704342103,-0.0629330673254363,0.977032839647257,-0.802115812590372,-0.577865479318702,0.740854714037397
197,"Cluster 1",-0.772285197892097,1.28465543953445,1.37944862348692,-0.92334823907778,-1.1406472641011,0.68564234411027
198,"Cluster 1",-0.900037472629475,2.63224394639433,1.17824073156709,-1.26600139922521,-1.47831633497055,1.51382789301717
199,"Cluster 2",0.058104587900858,2.63224394639433,-0.632630295711385,-0.265490770063089,-0.352752765405741,-0.0321184649423791
200,"Cluster 1",-0.963913609998164,1.28465543953445,1.58065651540675,-0.859758400278725,-1.1406472641011,0.796067083964524
201,"Cluster 2",-0.197399961573898,-1.41052157418532,-0.632630295711385,-0.0454424789670761,-0.0150836945363,0.354368124547509
202,"Cluster 3",1.91051257159284,1.28465543953445,-1.63866975531054,1.51182235032778,1.44814894589795,-1.19157823341204
203,"Cluster 1",-1.09166588473554,1.28465543953445,1.58065651540675,-1.53271273749751,-1.25320362105758,1.40340315316292
204,"Cluster 1",-0.900037472629475,-0.0629330673254363,1.37944862348692,-1.18090996025669,-1.36575997801407,1.07212893360016
205,"Cluster 1",-1.02778974736685,-0.0629330673254363,0.977032839647257,-1.18273988367537,-1.1406472641011,1.12734130352729
206,"Cluster 3",1.59113188474939,-0.0629330673254363,-1.63866975531054,1.83160146774174,1.89837437372387,-1.57806482290193
207,"Cluster 2",0.249733000006925,-0.0629330673254363,-0.230214511871725,0.155849097087489,0.435141733289622,-0.0321184649423791
208,"Cluster 2",0.121980725269547,-0.0629330673254363,-0.230214511871725,-0.0115888957215356,0.0974726624201804,0.243943384693255
209,"Cluster 2",0.121980725269547,1.28465543953445,-0.230214511871725,0.115133301021907,0.0974726624201804,-0.087330834869506
210,"Cluster 2",0.249733000006925,-0.0629330673254363,-0.0290066199518942,0.0218072066693356,-0.240196408449261,-0.0321184649423791
211,"Cluster 1",-1.02778974736685,1.28465543953445,0.775824947727427,-1.31312192725616,-1.47831633497055,1.51382789301717
212,"Cluster 2",-0.325152236311275,-0.0629330673254363,-0.632630295711385,0.155391616232819,0.435141733289622,0.0230939049847478
213,"Cluster 2",-0.197399961573898,-1.41052157418532,-0.230214511871725,0.311392587675107,0.322585376333141,-0.418605054432267
214,"Cluster 1",-1.21941815947292,-0.0629330673254363,1.17824073156709,-0.853811149168022,-1.02809090714462,0.851279453891651
215,"Cluster 2",0.185856862638236,-0.0629330673254363,-0.431422403791555,-0.1529504798144,0.0974726624201804,-0.308180314578014
216,"Cluster 1",-0.900037472629475,-0.0629330673254363,1.17824073156709,-1.05235784009457,-1.25320362105758,0.906491823818778
217,"Cluster 2",-0.197399961573898,-1.41052157418532,-0.833838187631215,0.272506715028203,0.322585376333141,-0.473817424359394
218,"Cluster 1",-0.963913609998164,2.63224394639433,0.977032839647257,-1.3080896378548,-1.47831633497055,1.45861552309005
219,"Cluster 3",1.14399892316857,-0.0629330673254363,-1.43746186339071,1.44594510725538,1.33559258894147,-1.35721534319342
220,"Cluster 3",1.5272557473807,-0.0629330673254363,-0.431422403791555,1.32105283393062,1.33559258894147,-1.02594112363066
221,"Cluster 2",-0.133523824205209,-0.0629330673254363,-0.431422403791555,0.218981455031875,0.322585376333141,-0.694666904067902
222,"Cluster 3",1.46337961001201,2.63224394639433,-0.833838187631215,2.091450593194,2.01093073068035,-1.74370193268331
223,"Cluster 1",-0.836161335260786,-0.0629330673254363,1.37944862348692,-0.857013515150708,-0.690421836275183,0.68564234411027
224,"Cluster 1",-1.3471704342103,1.28465543953445,1.58065651540675,-1.10634058094557,-1.02809090714462,1.07212893360016
225,"Cluster 2",-0.197399961573898,1.28465543953445,-0.0290066199518942,0.94180120540963,0.997923518072024,-0.970728753703536
226,"Cluster 2",-0.0696476868365198,-0.0629330673254363,0.373409163887766,0.161796348198192,0.435141733289622,0.0783062749118747
227,"Cluster 1",-1.41104657157899,1.28465543953445,0.574617055807596,-1.24404231820108,-1.36575997801407,1.18255367345441
228,"Cluster 1",-1.09166588473554,-0.0629330673254363,1.58065651540675,-0.729376356697927,-0.915534550188143,0.851279453891651
229,"Cluster 1",-1.28329429684161,1.28465543953445,1.78186440732658,-1.23535018196236,-1.47831633497055,1.51382789301717
230,"Cluster 3",1.39950347264332,1.28465543953445,-1.63866975531054,0.894680677378676,0.660254447202583,-0.915516383776409
231,"Cluster 1",-1.41104657157899,-1.41052157418532,1.78186440732658,-1.15437607068586,-1.02809090714462,0.906491823818778
232,"Cluster 1",-1.3471704342103,1.28465543953445,1.17824073156709,-1.33187864229761,-1.59087269192703,0.740854714037397
233,"Cluster 1",-0.836161335260786,-0.0629330673254363,1.37944862348692,-1.10359569581755,-0.915534550188143,0.906491823818778
234,"Cluster 2",-0.133523824205209,-1.41052157418532,0.172201271967936,0.325117013315191,0.435141733289622,0.133518644839002
235,"Cluster 2",-0.197399961573898,-0.0629330673254363,-0.230214511871725,0.316882357931141,0.435141733289622,-0.0321184649423791
236,"Cluster 2",0.185856862638236,-0.0629330673254363,-0.431422403791555,0.279826408702914,0.322585376333141,0.133518644839002
237,"Cluster 2",-0.00577154946783087,1.28465543953445,-0.431422403791555,0.266559463917499,0.210029019376661,-0.473817424359394
238,"Cluster 3",1.65500802211808,-0.0629330673254363,-1.63866975531054,1.18701094351246,1.33559258894147,-1.08115349355779
239,"Cluster 2",0.121980725269547,2.63224394639433,-0.833838187631215,-0.442078379965502,-0.577865479318702,0.299155754620382
240,"Cluster 3",1.65500802211808,-0.0629330673254363,-1.43746186339071,1.26661261222495,1.33559258894147,-1.19157823341204
241,"Cluster 1",-1.09166588473554,2.63224394639433,-0.0290066199518942,-1.23397773939835,-1.25320362105758,1.67946500279855
242,"Cluster 1",-1.21941815947292,1.28465543953445,1.78186440732658,-1.15117370470317,-1.25320362105758,1.45861552309005
243,"Cluster 2",-0.261276098942586,-1.41052157418532,-0.632630295711385,0.745999399611099,0.772810804159063,-0.694666904067902
244,"Cluster 1",-1.09166588473554,1.28465543953445,0.775824947727427,-1.2092737732462,-0.915534550188143,1.18255367345441
245,"Cluster 2",-0.00577154946783087,-0.0629330673254363,-0.431422403791555,0.0963765859804583,-0.0150836945363,-0.0321184649423791
246,"Cluster 1",-1.41104657157899,-0.0629330673254363,0.775824947727427,-1.49428434570527,-1.47831633497055,1.45861552309005
247,"Cluster 2",0.249733000006925,1.28465543953445,-0.0290066199518942,-0.377116098602439,-0.352752765405741,0.0783062749118747
248,"Cluster 3",1.5272557473807,-0.0629330673254363,-1.43746186339071,1.63717210450722,1.56070530285443,-1.46764008304768
249,"Cluster 3",1.5272557473807,2.63224394639433,-1.23625397147088,1.25883543769557,1.44814894589795,-0.970728753703536
250,"Cluster 1",-1.21941815947292,1.28465543953445,0.977032839647257,-1.44670633681965,-1.36575997801407,1.45861552309005
251,"Cluster 2",-0.197399961573898,-0.0629330673254363,-0.230214511871725,0.280741370412253,-0.0150836945363,-0.142543204796633
252,"Cluster 2",0.249733000006925,-0.0629330673254363,-0.230214511871725,0.158136501360836,0.0974726624201804,0.0230939049847478
253,"Cluster 1",-1.21941815947292,-0.0629330673254363,1.17824073156709,-1.55878914621367,-1.36575997801407,1.95552685243419
254,"Cluster 2",-0.325152236311275,1.28465543953445,0.172201271967936,0.0858545263230607,-0.12764005149278,-0.087330834869506
255,"Cluster 1",-1.15554202210423,-1.41052157418532,1.98307229924641,-1.12280989171367,-0.915534550188143,0.52000523432889
256,"Cluster 3",1.78276029685546,-0.0629330673254363,-1.23625397147088,1.55940035921341,1.22303623198498,-1.52285245297481
257,"Cluster 2",-0.00577154946783087,-0.0629330673254363,-0.0290066199518942,-0.099425219818073,0.210029019376661,0.133518644839002
258,"Cluster 1",-0.836161335260786,-0.0629330673254363,1.58065651540675,-0.964978996852702,-1.1406472641011,0.961704193745905
259,"Cluster 1",-0.900037472629475,-0.0629330673254363,1.78186440732658,-1.39821336622469,-1.25320362105758,1.40340315316292
260,"Cluster 3",1.5272557473807,-1.41052157418532,-1.23625397147088,1.44457266469137,1.67326165981091,-1.68848956275619
261,"Cluster 3",1.27175119790595,1.28465543953445,-1.23625397147088,1.2313865864154,1.22303623198498,-0.749879273995029
262,"Cluster 3",1.59113188474939,-0.0629330673254363,-1.23625397147088,1.51593967801981,1.56070530285443,-1.85412667253757
263,"Cluster 1",-0.963913609998164,-0.0629330673254363,1.37944862348692,-1.25181949273046,-1.36575997801407,1.01691656367303
264,"Cluster 3",1.46337961001201,-0.0629330673254363,-0.833838187631215,1.31053077427322,1.33559258894147,-1.13636586348492
265,"Cluster 1",-1.28329429684161,-0.0629330673254363,1.17824073156709,-0.694150330888378,-0.802978193231663,0.740854714037397
266,"Cluster 1",-0.836161335260786,-0.0629330673254363,1.78186440732658,-1.48467724775721,-1.36575997801407,1.73467737272568
267,"Cluster 2",-0.0696476868365198,-0.0629330673254363,-1.03504607955105,-0.052304691787118,-0.12764005149278,0.0230939049847478
268,"Cluster 2",0.058104587900858,1.28465543953445,0.373409163887766,-0.477761886629721,-0.352752765405741,0.133518644839002
269,"Cluster 2",-0.00577154946783087,1.28465543953445,-0.230214511871725,-0.244904131602963,-0.0150836945363,0.464792864401763
270,"Cluster 1",-1.21941815947292,-1.41052157418532,0.775824947727427,-1.21110369666487,-1.02809090714462,0.740854714037397
271,"Cluster 3",1.01624664843119,-0.0629330673254363,-0.230214511871725,1.81467467611897,1.67326165981091,-1.52285245297481
272,"Cluster 2",-0.0696476868365198,-0.0629330673254363,-0.0290066199518942,0.443604554674583,0.660254447202583,-0.915516383776409
273,"Cluster 2",0.121980725269547,-0.0629330673254363,-0.833838187631215,-0.0577944620431515,-0.240196408449261,0.0230939049847478
274,"Cluster 2",0.121980725269547,1.28465543953445,-0.431422403791555,-0.28150259997652,-0.465309122362222,0.630429974183144
275,"Cluster 3",1.71888415948677,-0.0629330673254363,-1.23625397147088,1.86728497440596,1.56070530285443,-1.63327719282906
276,"Cluster 1",-0.836161335260786,-1.41052157418532,0.373409163887766,-0.442535860820172,-0.690421836275183,0.630429974183144
277,"Cluster 3",1.5272557473807,-0.0629330673254363,-1.03504607955105,0.983431963184552,1.22303623198498,-0.805091643922156
278,"Cluster 1",-0.836161335260786,1.28465543953445,0.574617055807596,-0.75270788028607,-1.02809090714462,0.52000523432889
279,"Cluster 2",-0.325152236311275,-0.0629330673254363,0.172201271967936,0.399686392626314,0.210029019376661,-0.19775557472376
280,"Cluster 1",-1.21941815947292,-0.0629330673254363,1.17824073156709,-1.14659889615648,-0.915534550188143,1.29297841330867
281,"Cluster 3",1.84663643422415,1.28465543953445,-1.23625397147088,1.28628428897574,1.22303623198498,-1.3020029732663
282,"Cluster 2",-0.580656785786031,-0.0629330673254363,-0.632630295711385,0.179638101530301,-0.0150836945363,0.243943384693255
283,"Cluster 2",0.377485274744302,-0.0629330673254363,0.172201271967936,-0.246734055021641,-0.240196408449261,0.299155754620382
284,"Cluster 2",0.185856862638236,-0.0629330673254363,-0.632630295711385,0.0972915476897974,-0.12764005149278,0.0783062749118747
285,"Cluster 2",-0.516780648417342,-0.0629330673254363,-0.833838187631215,0.339298919809945,0.322585376333141,-0.363392684505141
286,"Cluster 2",0.185856862638236,-1.41052157418532,-0.230214511871725,0.0904293348697554,-0.12764005149278,-0.308180314578014
287,"Cluster 2",-0.133523824205209,-0.0629330673254363,-0.0290066199518942,0.362172962543418,0.547698090246102,-0.142543204796633
288,"Cluster 2",-0.325152236311275,-0.0629330673254363,0.172201271967936,-0.125501628534233,-0.0150836945363,-0.363392684505141
289,"Cluster 2",0.185856862638236,-0.0629330673254363,0.172201271967936,-0.184974139641263,-0.240196408449261,0.299155754620382
290,"Cluster 1",-0.900037472629475,-0.0629330673254363,0.977032839647257,-1.28384315255732,-1.47831633497055,1.95552685243419
291,"Cluster 2",-0.0696476868365198,-0.0629330673254363,-0.431422403791555,0.168658561018234,0.322585376333141,0.243943384693255
292,"Cluster 2",-0.133523824205209,-0.0629330673254363,-0.0290066199518942,0.0442237685481392,-0.240196408449261,0.52000523432889
293,"Cluster 2",-0.325152236311275,1.28465543953445,-0.431422403791555,0.590913389878151,0.660254447202583,-1.13636586348492
294,"Cluster 3",1.71888415948677,-0.0629330673254363,-1.63866975531054,1.65181149185664,1.33559258894147,-1.52285245297481
295,"Cluster 3",1.71888415948677,1.28465543953445,-1.23625397147088,1.20073536915255,1.44814894589795,-1.46764008304768
296,"Cluster 3",1.71888415948677,-0.0629330673254363,-1.63866975531054,1.53423891220659,1.33559258894147,-1.24679060333917
297,"Cluster 3",1.59113188474939,-0.0629330673254363,-1.43746186339071,1.8023226930429,1.56070530285443,-1.46764008304768
298,"Cluster 2",-0.197399961573898,-0.0629330673254363,0.373409163887766,0.0716726198283072,0.322585376333141,0.354368124547509
299,"Cluster 2",-0.261276098942586,-0.0629330673254363,-0.230214511871725,0.292635872633659,0.210029019376661,-0.639454534140775
300,"Cluster 3",1.5272557473807,-1.41052157418532,-1.03504607955105,1.48117113306493,1.56070530285443,-1.57806482290193
301,"Cluster 3",1.39950347264332,1.28465543953445,-1.43746186339071,1.47613884366357,1.22303623198498,-1.35721534319342
302,"Cluster 2",-0.197399961573898,2.63224394639433,-0.431422403791555,-0.457175248169595,-0.352752765405741,0.299155754620382
303,"Cluster 3",1.33562733527464,-1.41052157418532,-1.03504607955105,1.59050905733093,1.67326165981091,-1.63327719282906
304,"Cluster 1",-0.836161335260786,-0.0629330673254363,1.17824073156709,-1.42703466006886,-1.25320362105758,1.5690402629443
305,"Cluster 1",-1.02778974736685,-0.0629330673254363,1.98307229924641,-0.800285889171694,-0.915534550188143,0.630429974183144
306,"Cluster 1",-1.15554202210423,2.63224394639433,1.17824073156709,-1.17725011341933,-1.36575997801407,0.851279453891651
307,"Cluster 2",-0.261276098942586,-1.41052157418532,-0.0290066199518942,-0.0733488111019135,-0.240196408449261,-0.19775557472376
308,"Cluster 2",-0.0696476868365198,1.28465543953445,0.172201271967936,0.0268394960706997,0.210029019376661,-0.087330834869506
309,"Cluster 1",-1.02778974736685,-0.0629330673254363,0.574617055807596,-0.925635643351127,-0.802978193231663,1.07212893360016
310,"Cluster 1",-1.15554202210423,-0.0629330673254363,1.17824073156709,-1.12143744914966,-0.802978193231663,0.796067083964524
311,"Cluster 2",-0.133523824205209,1.28465543953445,0.172201271967936,-0.056422019479143,0.0974726624201804,0.0783062749118747
312,"Cluster 1",-0.963913609998164,-0.0629330673254363,1.37944862348692,-1.12418233427768,-1.1406472641011,1.18255367345441
313,"Cluster 1",-0.836161335260786,-1.41052157418532,1.78186440732658,-1.37579680434588,-1.1406472641011,1.40340315316292
314,"Cluster 2",-0.197399961573898,-0.0629330673254363,-0.0290066199518942,-0.00609912546550177,-0.12764005149278,-0.142543204796633
315,"Cluster 2",0.058104587900858,-0.0629330673254363,-0.632630295711385,-0.0422401129843898,-0.240196408449261,0.133518644839002
316,"Cluster 3",1.20787506053726,-0.0629330673254363,-1.63866975531054,1.65043904929263,1.67326165981091,-1.79891430261044
317,"Cluster 3",1.27175119790595,-0.0629330673254363,-1.03504607955105,1.11518644932936,1.1104798750285,-1.13636586348492
318,"Cluster 2",-0.516780648417342,-0.0629330673254363,-0.230214511871725,-0.32496328117012,-0.465309122362222,0.0783062749118747
319,"Cluster 2",0.121980725269547,-0.0629330673254363,-0.632630295711385,0.0867694880323995,-0.12764005149278,-0.142543204796633
320,"Cluster 3",1.39950347264332,-1.41052157418532,-1.23625397147088,1.14675262830155,1.33559258894147,-1.02594112363066
321,"Cluster 3",1.46337961001201,-0.0629330673254363,-0.833838187631215,1.51776960143849,1.67326165981091,-1.35721534319342
322,"Cluster 2",-0.261276098942586,-0.0629330673254363,-0.431422403791555,-0.0298881299083141,-0.12764005149278,0.133518644839002
323,"Cluster 2",-0.0696476868365198,-1.41052157418532,-0.632630295711385,-0.171707194855848,-0.240196408449261,0.52000523432889
324,"Cluster 1",-1.15554202210423,-0.0629330673254363,1.37944862348692,-1.2106462158102,-1.47831633497055,1.18255367345441
325,"Cluster 2",-0.0696476868365198,1.28465543953445,0.172201271967936,-0.174452079983865,-0.465309122362222,0.464792864401763
326,"Cluster 2",0.185856862638236,-1.41052157418532,-0.431422403791555,-0.100340181527412,-0.0150836945363,0.299155754620382
327,"Cluster 3",1.46337961001201,1.28465543953445,-1.43746186339071,1.29497642521446,1.22303623198498,-1.96455141239182
328,"Cluster 2",-0.133523824205209,-1.41052157418532,-0.632630295711385,0.0492560579495033,-0.0150836945363,-0.584242164213648
329,"Cluster 2",0.121980725269547,-0.0629330673254363,-1.03504607955105,-0.417831894668021,-0.352752765405741,0.464792864401763
330,"Cluster 3",1.39950347264332,-0.0629330673254363,-1.03504607955105,1.25746299513156,1.22303623198498,-1.24679060333917
331,"Cluster 1",-0.963913609998164,2.63224394639433,1.37944862348692,-0.656636900805482,-0.802978193231663,0.740854714037397
332,"Cluster 2",-0.0696476868365198,-0.0629330673254363,-0.632630295711385,-0.580695078930351,-0.465309122362222,0.740854714037397
333,"Cluster 1",-1.09166588473554,-0.0629330673254363,0.775824947727427,-0.955829379759312,-0.915534550188143,0.961704193745905
334,"Cluster 3",1.46337961001201,-1.41052157418532,-1.43746186339071,1.44228526041803,1.33559258894147,-1.41242771312055
335,"Cluster 2",-0.0696476868365198,-0.0629330673254363,-0.431422403791555,-0.496061120816499,-0.352752765405741,0.0230939049847478
336,"Cluster 1",-1.09166588473554,1.28465543953445,1.37944862348692,-1.14888630042983,-1.25320362105758,1.23776604338154
337,"Cluster 1",-0.836161335260786,1.28465543953445,0.977032839647257,-1.24953208845711,-1.1406472641011,1.23776604338154
338,"Cluster 1",-1.3471704342103,-0.0629330673254363,1.58065651540675,-1.33736841255365,-1.59087269192703,1.40340315316292
339,"Cluster 1",-1.02778974736685,-1.41052157418532,0.977032839647257,-1.24129743307306,-1.25320362105758,1.23776604338154
340,"Cluster 3",1.78276029685546,-0.0629330673254363,-1.63866975531054,1.35627885974017,1.56070530285443,-1.13636586348492
341,"Cluster 1",-0.580656785786031,1.28465543953445,0.977032839647257,-1.23214781597967,-1.1406472641011,1.5690402629443
342,"Cluster 2",-0.197399961573898,-0.0629330673254363,-0.431422403791555,0.221268859305223,-0.0150836945363,-0.0321184649423791
343,"Cluster 1",-1.02778974736685,2.63224394639433,0.977032839647257,-0.997917618388903,-1.25320362105758,1.12734130352729
344,"Cluster 2",-0.133523824205209,-0.0629330673254363,-0.632630295711385,0.23179091896262,-0.0150836945363,0.188731014766128
345,"Cluster 1",-1.09166588473554,-0.0629330673254363,1.17824073156709,-0.85518359173203,-0.915534550188143,0.575217604256017
346,"Cluster 2",-0.00577154946783087,-1.41052157418532,-0.431422403791555,0.435827380145202,0.435141733289622,-0.694666904067902
347,"Cluster 3",1.33562733527464,1.28465543953445,-0.632630295711385,1.19799048402453,1.22303623198498,-0.970728753703536
348,"Cluster 2",0.121980725269547,-0.0629330673254363,0.172201271967936,-0.0779236196486079,-0.240196408449261,-0.19775557472376
349,"Cluster 2",-0.197399961573898,-0.0629330673254363,-0.230214511871725,0.0524584239321895,0.0974726624201804,-0.308180314578014
350,"Cluster 1",-1.41104657157899,-1.41052157418532,0.977032839647257,-0.988310520440844,-0.915534550188143,0.52000523432889
351,"Cluster 2",-0.325152236311275,-0.0629330673254363,-0.833838187631215,0.00808278102925144,-0.12764005149278,0.188731014766128
352,"Cluster 3",1.71888415948677,-0.0629330673254363,-1.43746186339071,1.12845339411477,0.885367161115543,-0.970728753703536
353,"Cluster 1",-1.02778974736685,-0.0629330673254363,0.775824947727427,-1.34377314451902,-1.1406472641011,1.40340315316292
354,"Cluster 2",0.058104587900858,-0.0629330673254363,-0.632630295711385,0.142124671447405,-0.0150836945363,0.0230939049847478
355,"Cluster 1",-1.09166588473554,-0.0629330673254363,1.58065651540675,-1.11594767889363,-1.02809090714462,1.40340315316292
356,"Cluster 3",1.46337961001201,-1.41052157418532,-1.23625397147088,1.21537475650197,1.22303623198498,-1.24679060333917
357,"Cluster 1",-1.21941815947292,-0.0629330673254363,0.172201271967936,-1.1822824028207,-0.915534550188143,1.29297841330867
358,"Cluster 1",-1.09166588473554,-1.41052157418532,1.37944862348692,-0.916028545403069,-0.802978193231663,1.07212893360016
359,"Cluster 2",-0.389028373679964,-0.0629330673254363,0.373409163887766,0.0396489600014448,0.0974726624201804,0.0783062749118747
360,"Cluster 3",1.5272557473807,-0.0629330673254363,-1.43746186339071,1.5639751677601,1.33559258894147,-1.46764008304768
361,"Cluster 2",-0.00577154946783087,-1.41052157418532,-0.230214511871725,-0.0120463765762049,0.0974726624201804,-0.19775557472376
362,"Cluster 2",0.121980725269547,-0.0629330673254363,0.373409163887766,0.6426087264558,0.547698090246102,-1.13636586348492
363,"Cluster 3",1.5272557473807,-0.0629330673254363,-0.833838187631215,1.65272645356598,1.89837437372387,-1.90933904246469
364,"Cluster 2",-0.0696476868365198,-1.41052157418532,0.172201271967936,0.210746799647825,0.210029019376661,-0.473817424359394
365,"Cluster 2",-0.325152236311275,-1.41052157418532,-0.0290066199518942,-0.513902874148609,-0.352752765405741,0.575217604256017
366,"Cluster 3",1.33562733527464,2.63224394639433,-1.43746186339071,1.84166604654447,1.56070530285443,-1.63327719282906
367,"Cluster 2",0.185856862638236,-0.0629330673254363,-0.230214511871725,0.12931520751666,0.322585376333141,-0.252967944650887
368,"Cluster 2",-0.0696476868365198,-0.0629330673254363,-0.230214511871725,0.116048262731245,0.210029019376661,-0.0321184649423791
369,"Cluster 1",-1.15554202210423,1.28465543953445,0.574617055807596,-1.25227697358513,-1.02809090714462,1.23776604338154
370,"Cluster 1",-1.02778974736685,-0.0629330673254363,1.17824073156709,-1.30854711870947,-1.25320362105758,0.961704193745905
371,"Cluster 1",-1.41104657157899,-0.0629330673254363,1.17824073156709,-0.835511914981243,-0.690421836275183,1.12734130352729
372,"Cluster 2",0.058104587900858,-0.0629330673254363,-0.230214511871725,0.242312978620018,0.0974726624201804,-0.252967944650887
373,"Cluster 3",1.59113188474939,-0.0629330673254363,-0.632630295711385,1.63076737254185,1.44814894589795,-1.85412667253757
374,"Cluster 1",-1.02778974736685,1.28465543953445,0.977032839647257,-0.275555348865817,-0.0150836945363,0.188731014766128
375,"Cluster 1",-1.09166588473554,1.28465543953445,1.17824073156709,-1.29985498247075,-1.47831633497055,1.34819078323579
376,"Cluster 3",1.59113188474939,-1.41052157418532,-0.431422403791555,1.64128943219924,1.67326165981091,-1.96455141239182
377,"Cluster 3",1.33562733527464,1.28465543953445,-1.63866975531054,0.974739826945832,1.22303623198498,-1.08115349355779
378,"Cluster 2",-0.00577154946783087,-0.0629330673254363,-0.431422403791555,0.363087924252757,0.322585376333141,-0.252967944650887
379,"Cluster 2",-0.00577154946783087,-1.41052157418532,-0.0290066199518942,-0.173994599129196,-0.0150836945363,0.0783062749118747
380,"Cluster 3",1.27175119790595,1.28465543953445,-0.632630295711385,1.5850192870749,1.56070530285443,-1.3020029732663
381,"Cluster 1",-1.09166588473554,-0.0629330673254363,0.977032839647257,-1.25090453102112,-1.47831633497055,1.40340315316292
382,"Cluster 3",1.59113188474939,-0.0629330673254363,-1.63866975531054,0.901542890198718,1.1104798750285,-0.805091643922156
383,"Cluster 2",-0.516780648417342,1.28465543953445,-0.230214511871725,-0.185431620495932,-0.465309122362222,-0.363392684505141
384,"Cluster 3",1.27175119790595,-1.41052157418532,-1.23625397147088,1.11472896847469,1.22303623198498,-1.13636586348492
385,"Cluster 1",-1.3471704342103,-0.0629330673254363,0.977032839647257,-1.27789590144662,-1.1406472641011,1.67946500279855
386,"Cluster 3",1.39950347264332,-0.0629330673254363,-1.43746186339071,1.4322206816153,1.44814894589795,-1.19157823341204
387,"Cluster 2",-0.261276098942586,-0.0629330673254363,-0.230214511871725,0.789460080804698,0.660254447202583,-0.749879273995029
388,"Cluster 2",0.313609137375614,-0.0629330673254363,-0.431422403791555,0.220811378450553,0.0974726624201804,-0.473817424359394
389,"Cluster 2",-0.197399961573898,-0.0629330673254363,-0.230214511871725,0.372237541346146,0.0974726624201804,-0.142543204796633
390,"Cluster 2",0.185856862638236,-1.41052157418532,-0.431422403791555,-0.152035518105061,-0.352752765405741,0.133518644839002
391,"Cluster 3",1.59113188474939,-0.0629330673254363,-1.23625397147088,1.88192436175538,2.12348708763683,-1.68848956275619
392,"Cluster 2",-0.0696476868365198,-1.41052157418532,-0.230214511871725,0.211204280502494,0.322585376333141,-0.639454534140775
393,"Cluster 1",-1.02778974736685,-0.0629330673254363,0.775824947727427,-1.24678720332909,-1.47831633497055,1.29297841330867
394,"Cluster 3",1.5272557473807,-1.41052157418532,-0.833838187631215,1.601488597843,1.44814894589795,-1.63327719282906
395,"Cluster 2",-0.325152236311275,-0.0629330673254363,0.172201271967936,-0.0381227852923645,-0.0150836945363,-0.418605054432267
396,"Cluster 2",-0.00577154946783087,-0.0629330673254363,-0.431422403791555,0.116048262731245,-0.0150836945363,0.243943384693255
397,"Cluster 2",0.185856862638236,-0.0629330673254363,-0.230214511871725,-0.0866157558873279,-0.12764005149278,-0.087330834869506
398,"Cluster 2",0.313609137375614,-0.0629330673254363,-0.230214511871725,0.450009286639955,0.547698090246102,-0.805091643922156
399,"Cluster 2",0.313609137375614,1.28465543953445,-0.431422403791555,0.0703001772642987,0.0974726624201804,-0.363392684505141
400,"Cluster 3",1.65500802211808,1.28465543953445,-1.23625397147088,1.80689750158959,1.67326165981091,-1.57806482290193
401,"Cluster 3",1.39950347264332,-0.0629330673254363,-1.43746186339071,1.56900745716147,1.56070530285443,-1.3020029732663
402,"Cluster 2",-0.133523824205209,-0.0629330673254363,0.172201271967936,0.0318717854720638,-0.0150836945363,0.409580494474636
403,"Cluster 3",1.91051257159284,-0.0629330673254363,-1.03504607955105,1.57998699767354,1.78581801676739,-1.35721534319342
404,"Cluster 1",-1.15554202210423,-1.41052157418532,0.977032839647257,-1.02582395052374,-1.25320362105758,1.18255367345441
405,"Cluster 2",0.185856862638236,1.28465543953445,-0.431422403791555,0.5826787344941,0.547698090246102,-0.970728753703536
406,"Cluster 1",-1.09166588473554,-1.41052157418532,0.977032839647257,-0.845576493783971,-0.577865479318702,0.575217604256017
407,"Cluster 1",-1.09166588473554,-0.0629330673254363,0.977032839647257,-1.11594767889363,-1.1406472641011,1.12734130352729
408,"Cluster 2",-0.00577154946783087,1.28465543953445,-0.431422403791555,0.0762474283750019,0.210029019376661,0.243943384693255
409,"Cluster 2",-0.516780648417342,-0.0629330673254363,-1.03504607955105,0.347533575193995,0.322585376333141,-0.639454534140775
410,"Cluster 1",-1.15554202210423,-1.41052157418532,1.37944862348692,-0.74355826319268,-0.577865479318702,0.133518644839002
411,"Cluster 2",-0.00577154946783087,-0.0629330673254363,0.172201271967936,0.211204280502494,0.322585376333141,0.0783062749118747
412,"Cluster 3",1.27175119790595,-1.41052157418532,-1.63866975531054,1.88832909372076,2.01093073068035,-1.74370193268331
413,"Cluster 2",-0.261276098942586,-1.41052157418532,-0.230214511871725,0.353023345450028,0.547698090246102,-0.252967944650887
414,"Cluster 1",-0.836161335260786,-0.0629330673254363,1.58065651540675,-1.09902088727086,-0.802978193231663,1.23776604338154
415,"Cluster 2",-0.00577154946783087,-0.0629330673254363,-0.431422403791555,0.270219310754855,-0.0150836945363,-0.418605054432267
416,"Cluster 2",0.121980725269547,-1.41052157418532,0.373409163887766,-0.13602368819163,-0.352752765405741,0.133518644839002
417,"Cluster 3",1.78276029685546,-1.41052157418532,-1.03504607955105,1.38784503871236,1.44814894589795,-1.19157823341204
418,"Cluster 2",-0.197399961573898,-0.0629330673254363,-0.833838187631215,-0.304834123564663,-0.465309122362222,0.464792864401763
419,"Cluster 1",-1.09166588473554,-1.41052157418532,1.98307229924641,-1.43526931545291,-1.70342904888351,1.95552685243419
420,"Cluster 2",0.185856862638236,-0.0629330673254363,-0.431422403791555,-0.129161475371588,0.0974726624201804,0.354368124547509
421,"Cluster 1",-0.708409060523409,1.28465543953445,0.775824947727427,-1.3574975701591,-1.1406472641011,0.906491823818778
422,"Cluster 1",-0.64453292315472,-1.41052157418532,0.574617055807596,-0.948052205229931,-0.802978193231663,0.961704193745905
423,"Cluster 1",-1.47492270894768,-0.0629330673254363,0.977032839647257,-1.11640515974829,-0.915534550188143,1.12734130352729
424,"Cluster 2",0.121980725269547,-1.41052157418532,-1.23625397147088,0.512684163729672,0.547698090246102,-0.749879273995029
425,"Cluster 3",1.71888415948677,-0.0629330673254363,-0.632630295711385,1.50633258007175,1.44814894589795,-1.3020029732663
426,"Cluster 1",-0.963913609998164,1.28465543953445,1.17824073156709,-0.817212680794464,-0.802978193231663,0.68564234411027
427,"Cluster 2",-0.133523824205209,-0.0629330673254363,-0.632630295711385,0.0455962111121476,-0.0150836945363,0.243943384693255
428,"Cluster 2",0.249733000006925,-1.41052157418532,-0.431422403791555,0.344788690065978,0.210029019376661,-0.308180314578014
429,"Cluster 2",-0.325152236311275,-0.0629330673254363,-0.632630295711385,0.109186049911203,-0.0150836945363,0.0783062749118747
430,"Cluster 3",1.39950347264332,-0.0629330673254363,-1.63866975531054,1.37183320879893,1.33559258894147,-1.19157823341204
431,"Cluster 3",1.65500802211808,1.28465543953445,-0.632630295711385,1.1161014110387,0.997923518072024,-0.970728753703536
432,"Cluster 1",-1.02778974736685,-1.41052157418532,1.37944862348692,-1.08392401906676,-0.915534550188143,1.07212893360016
433,"Cluster 2",0.058104587900858,-0.0629330673254363,0.172201271967936,-0.0532196534964568,-0.0150836945363,-0.418605054432267
434,"Cluster 3",1.5272557473807,-0.0629330673254363,-0.833838187631215,1.53378143135192,1.44814894589795,-2.01976378231895
435,"Cluster 2",-0.0696476868365198,-0.0629330673254363,-0.632630295711385,-0.29065221706991,-0.352752765405741,0.0783062749118747
436,"Cluster 1",-0.836161335260786,-0.0629330673254363,0.977032839647257,-1.33325108486162,-1.47831633497055,1.51382789301717
437,"Cluster 2",-0.197399961573898,-0.0629330673254363,-0.431422403791555,-0.188176505623949,-0.0150836945363,0.464792864401763
438,"Cluster 1",-1.47492270894768,-0.0629330673254363,0.574617055807596,-1.24998956931178,-1.02809090714462,1.23776604338154
439,"Cluster 2",0.249733000006925,-0.0629330673254363,-0.431422403791555,0.487522716722851,0.660254447202583,-0.639454534140775
440,"Cluster 2",0.058104587900858,-0.0629330673254363,-0.230214511871725,-0.664414075334863,-0.690421836275183,0.464792864401763
441,"Cluster 2",-0.452904511048653,-0.0629330673254363,-0.833838187631215,-0.0175361468322384,-0.240196408449261,-0.19775557472376
442,"Cluster 1",-1.02778974736685,-0.0629330673254363,0.977032839647257,-0.978245941638116,-1.02809090714462,0.796067083964524
443,"Cluster 1",-1.15554202210423,-0.0629330673254363,0.775824947727427,-1.5148709841654,-1.59087269192703,1.40340315316292
444,"Cluster 2",-0.00577154946783087,1.28465543953445,-0.0290066199518942,0.393281660660942,0.660254447202583,-0.529029794286521
445,"Cluster 3",1.78276029685546,-1.41052157418532,-1.63866975531054,1.57403974656283,1.22303623198498,-1.85412667253757
446,"Cluster 1",-0.836161335260786,-0.0629330673254363,1.17824073156709,-1.25319193529446,-1.47831633497055,0.961704193745905
447,"Cluster 3",1.84663643422415,-0.0629330673254363,-1.03504607955105,1.68337767082883,1.44814894589795,-1.41242771312055
448,"Cluster 2",0.058104587900858,-0.0629330673254363,0.172201271967936,0.478830580484131,0.660254447202583,-0.529029794286521
449,"Cluster 2",-0.133523824205209,1.28465543953445,-0.230214511871725,-0.0609968280258378,-0.0150836945363,-0.584242164213648
450,"Cluster 1",-1.15554202210423,1.28465543953445,0.574617055807596,-1.14156660675512,-1.02809090714462,1.01691656367303
451,"Cluster 1",-1.21941815947292,2.63224394639433,1.58065651540675,-1.34972039562972,-1.47831633497055,1.29297841330867
452,"Cluster 2",-0.0696476868365198,-1.41052157418532,0.373409163887766,-0.22157260801482,-0.0150836945363,-0.418605054432267
453,"Cluster 2",-0.197399961573898,-0.0629330673254363,-0.632630295711385,-0.0253133213616194,0.0974726624201804,-0.308180314578014
454,"Cluster 2",-0.00577154946783087,-1.41052157418532,0.172201271967936,0.130687650080668,0.0974726624201804,0.299155754620382
455,"Cluster 2",-0.133523824205209,-1.41052157418532,-0.230214511871725,-0.552331265940844,-0.690421836275183,0.409580494474636
456,"Cluster 3",1.78276029685546,-0.0629330673254363,-1.03504607955105,1.71174148381834,1.89837437372387,-1.79891430261044
457,"Cluster 3",1.46337961001201,-0.0629330673254363,-0.833838187631215,1.54018616331729,1.33559258894147,-1.68848956275619
458,"Cluster 1",-0.580656785786031,1.28465543953445,0.775824947727427,-0.962691592579354,-0.690421836275183,0.961704193745905
459,"Cluster 2",0.058104587900858,-0.0629330673254363,-0.230214511871725,0.0529159047868592,0.0974726624201804,0.0783062749118747
460,"Cluster 2",-0.197399961573898,-0.0629330673254363,-0.230214511871725,-0.141055977592994,-0.240196408449261,0.0783062749118747
461,"Cluster 3",1.59113188474939,2.63224394639433,-1.63866975531054,1.10878171736399,1.22303623198498,-0.970728753703536
462,"Cluster 1",-1.09166588473554,-0.0629330673254363,1.58065651540675,-1.18182492196603,-1.02809090714462,1.18255367345441
463,"Cluster 1",-1.09166588473554,-0.0629330673254363,1.37944862348692,-1.24266987563707,-1.47831633497055,1.5690402629443
464,"Cluster 2",-0.261276098942586,-0.0629330673254363,-0.230214511871725,0.0016780490638789,0.210029019376661,0.299155754620382
465,"Cluster 1",-1.02778974736685,-0.0629330673254363,0.977032839647257,-1.48513472861188,-1.47831633497055,1.73467737272568
466,"Cluster 2",0.441361412112991,-1.41052157418532,-0.230214511871725,-0.146088266994358,-0.240196408449261,0.906491823818778
467,"Cluster 2",-0.516780648417342,-0.0629330673254363,-0.632630295711385,-0.10217010494609,-0.240196408449261,0.0230939049847478
468,"Cluster 1",-1.15554202210423,2.63224394639433,1.37944862348692,-0.601739198245146,-0.577865479318702,0.796067083964524
469,"Cluster 2",-0.325152236311275,-0.0629330673254363,-0.0290066199518942,-0.168047348018493,-0.352752765405741,0.243943384693255
470,"Cluster 3",1.65500802211808,-0.0629330673254363,-1.23625397147088,1.52691921853188,1.44814894589795,-1.79891430261044
471,"Cluster 2",-0.00577154946783087,-1.41052157418532,-0.230214511871725,0.29172091092432,0.210029019376661,0.354368124547509
472,"Cluster 3",1.91051257159284,-0.0629330673254363,-1.03504607955105,1.27530474846367,1.22303623198498,-1.02594112363066
473,"Cluster 1",-1.02778974736685,1.28465543953445,0.775824947727427,-1.02856883565176,-1.25320362105758,0.961704193745905
474,"Cluster 3",1.46337961001201,1.28465543953445,-1.23625397147088,1.39013244298571,1.44814894589795,-1.63327719282906
475,"Cluster 1",-0.580656785786031,-0.0629330673254363,1.17824073156709,-1.31723925494819,-1.36575997801407,1.07212893360016
476,"Cluster 1",-0.900037472629475,-0.0629330673254363,1.37944862348692,-0.96635143941671,-1.02809090714462,0.409580494474636
477,"Cluster 1",-1.21941815947292,-1.41052157418532,1.37944862348692,-1.16810049632594,-1.25320362105758,1.07212893360016
478,"Cluster 2",-0.0696476868365198,1.28465543953445,-0.230214511871725,-0.00609912546550177,0.210029019376661,-0.19775557472376
479,"Cluster 2",-0.133523824205209,-0.0629330673254363,-0.833838187631215,0.0602355984615705,-0.12764005149278,0.0230939049847478
480,"Cluster 1",-0.963913609998164,1.28465543953445,0.977032839647257,-0.792051233787644,-1.02809090714462,0.52000523432889
481,"Cluster 2",-0.389028373679964,-1.41052157418532,0.172201271967936,-0.49560363996183,-0.465309122362222,0.464792864401763
482,"Cluster 3",1.46337961001201,-0.0629330673254363,-0.833838187631215,1.84669833594583,1.56070530285443,-2.18540089210033
483,"Cluster 2",0.121980725269547,-1.41052157418532,-0.431422403791555,0.192447565461046,0.0974726624201804,-0.749879273995029
484,"Cluster 1",-1.15554202210423,-0.0629330673254363,1.17824073156709,-0.985565635312828,-1.1406472641011,1.23776604338154
485,"Cluster 3",1.71888415948677,-1.41052157418532,-1.23625397147088,1.15315736026692,1.33559258894147,-0.860304013849283
486,"Cluster 2",-0.197399961573898,-0.0629330673254363,-0.0290066199518942,-0.202358412118703,-0.465309122362222,-0.087330834869506
487,"Cluster 2",0.058104587900858,-0.0629330673254363,-0.632630295711385,-0.428811435180088,-0.240196408449261,0.354368124547509
488,"Cluster 1",-1.3471704342103,-0.0629330673254363,0.775824947727427,-0.964978996852702,-0.802978193231663,0.906491823818778
489,"Cluster 1",-0.900037472629475,2.63224394639433,1.17824073156709,-1.12326737256834,-1.02809090714462,1.18255367345441
490,"Cluster 3",1.65500802211808,1.28465543953445,-1.03504607955105,1.5415586058813,1.78581801676739,-1.52285245297481
491,"Cluster 3",1.59113188474939,1.28465543953445,-1.43746186339071,1.95191893251981,2.01093073068035,-2.01976378231895
492,"Cluster 2",0.249733000006925,1.28465543953445,-0.632630295711385,-0.14425834357568,-0.352752765405741,0.409580494474636
493,"Cluster 1",-0.900037472629475,2.63224394639433,1.17824073156709,-1.02994127821577,-0.802978193231663,0.630429974183144
494,"Cluster 1",-1.21941815947292,-0.0629330673254363,1.58065651540675,-1.45585595391304,-1.47831633497055,1.34819078323579
495,"Cluster 2",0.249733000006925,-0.0629330673254363,0.574617055807596,-0.120011858278199,-0.352752765405741,0.464792864401763
496,"Cluster 3",1.59113188474939,1.28465543953445,-1.23625397147088,1.30458352316252,1.44814894589795,-0.805091643922156
497,"Cluster 2",-0.389028373679964,-0.0629330673254363,0.775824947727427,0.977942192928518,1.22303623198498,-0.970728753703536
498,"Cluster 2",-0.197399961573898,-0.0629330673254363,-0.0290066199518942,0.0131150704306155,0.0974726624201804,0.0230939049847478
500,"Cluster 3",1.71888415948677,1.28465543953445,-1.43746186339071,1.28902917410375,1.44814894589795,-1.02594112363066
501,"Cluster 2",-0.0696476868365198,-0.0629330673254363,-0.833838187631215,-0.0513897300777789,0.0974726624201804,0.796067083964524
502,"Cluster 2",-0.0696476868365198,-1.41052157418532,-0.230214511871725,0.289433506650973,0.210029019376661,-0.308180314578014
503,"Cluster 2",0.185856862638236,1.28465543953445,-0.833838187631215,-0.099425219818073,-0.0150836945363,0.0230939049847478
504,"Cluster 2",0.185856862638236,-1.41052157418532,0.373409163887766,0.0730450623923156,-0.12764005149278,-0.142543204796633
505,"Cluster 2",0.058104587900858,-0.0629330673254363,0.373409163887766,-0.0875307175966667,-0.240196408449261,-0.473817424359394
506,"Cluster 2",-0.133523824205209,-0.0629330673254363,-1.03504607955105,-0.409139758429301,-0.465309122362222,0.575217604256017
507,"Cluster 1",-1.15554202210423,-0.0629330673254363,0.977032839647257,-1.46958037955312,-1.59087269192703,1.62425263287143
508,"Cluster 1",-0.900037472629475,1.28465543953445,0.977032839647257,-1.54277731630024,-1.81598540583999,1.45861552309005
509,"Cluster 3",1.5272557473807,1.28465543953445,-1.03504607955105,1.52554677596787,1.44814894589795,-1.24679060333917
510,"Cluster 2",-0.325152236311275,-0.0629330673254363,-0.0290066199518942,-0.0605393471711684,-0.240196408449261,-0.529029794286521
511,"Cluster 1",-1.15554202210423,-0.0629330673254363,1.17824073156709,-0.826362297887854,-0.690421836275183,0.851279453891651
512,"Cluster 2",-0.0696476868365198,-0.0629330673254363,0.574617055807596,0.2230987827239,0.210029019376661,-0.363392684505141
513,"Cluster 3",1.5272557473807,-0.0629330673254363,-1.23625397147088,0.824686106614247,0.660254447202583,-0.19775557472376
514,"Cluster 2",-0.64453292315472,-1.41052157418532,0.172201271967936,0.447264401511938,0.547698090246102,-0.363392684505141
515,"Cluster 1",-1.15554202210423,-1.41052157418532,0.775824947727427,-0.801658331735702,-1.02809090714462,0.906491823818778
516,"Cluster 2",0.121980725269547,-1.41052157418532,-0.431422403791555,-0.125044147679563,-0.240196408449261,0.188731014766128
517,"Cluster 1",-0.772285197892097,1.28465543953445,1.17824073156709,-0.971841209672744,-1.1406472641011,0.796067083964524
518,"Cluster 3",1.71888415948677,-0.0629330673254363,-1.03504607955105,1.13028331753345,0.997923518072024,-1.02594112363066
519,"Cluster 2",-0.389028373679964,-0.0629330673254363,-1.03504607955105,-0.02485584050695,-0.0150836945363,-0.19775557472376
520,"Cluster 3",1.65500802211808,1.28465543953445,-1.63866975531054,1.25151574402086,1.22303623198498,-0.749879273995029
521,"Cluster 2",0.121980725269547,-0.0629330673254363,0.373409163887766,-0.370711366637066,-0.240196408449261,0.354368124547509
522,"Cluster 2",0.058104587900858,-0.0629330673254363,-0.230214511871725,-0.0198235511055859,0.0974726624201804,0.133518644839002
523,"Cluster 2",-0.00577154946783087,-1.41052157418532,-0.230214511871725,-0.435216167145461,-0.12764005149278,0.575217604256017
524,"Cluster 2",-0.133523824205209,-0.0629330673254363,-0.833838187631215,-0.154322922378409,-0.240196408449261,0.133518644839002
525,"Cluster 1",-1.15554202210423,-0.0629330673254363,1.37944862348692,-0.941647473264559,-0.915534550188143,1.01691656367303
526,"Cluster 1",-0.900037472629475,-0.0629330673254363,1.17824073156709,-1.17679263256466,-1.36575997801407,1.07212893360016
527,"Cluster 3",1.33562733527464,-0.0629330673254363,-1.63866975531054,1.52783418024122,1.22303623198498,-1.74370193268331
528,"Cluster 2",-0.261276098942586,-0.0629330673254363,-0.431422403791555,-0.0623692705898462,-0.12764005149278,0.0230939049847478
529,"Cluster 3",1.20787506053726,-0.0629330673254363,-1.03504607955105,1.44182777956336,1.33559258894147,-1.79891430261044
530,"Cluster 2",0.377485274744302,-0.0629330673254363,-0.230214511871725,0.104611241364509,0.0974726624201804,0.0230939049847478
531,"Cluster 3",1.5272557473807,-0.0629330673254363,-1.43746186339071,1.26112284196892,1.22303623198498,-1.3020029732663
532,"Cluster 1",-1.15554202210423,-0.0629330673254363,1.17824073156709,-0.810350467974422,-0.802978193231663,0.961704193745905
533,"Cluster 1",-0.963913609998164,-0.0629330673254363,1.37944862348692,-1.14293904931912,-1.02809090714462,1.07212893360016
534,"Cluster 3",1.33562733527464,-0.0629330673254363,-1.43746186339071,1.08636515548518,1.33559258894147,-1.3020029732663
535,"Cluster 2",-0.133523824205209,1.28465543953445,-0.431422403791555,-0.463579980134967,-0.465309122362222,0.133518644839002
536,"Cluster 1",-1.28329429684161,1.28465543953445,1.37944862348692,-1.16535561119793,-1.02809090714462,1.84510211257994
537,"Cluster 2",0.058104587900858,-0.0629330673254363,0.574617055807596,0.2230987827239,0.0974726624201804,-0.252967944650887
538,"Cluster 3",1.59113188474939,2.63224394639433,-1.63866975531054,1.02140287412212,0.997923518072024,-1.13636586348492
539,"Cluster 1",-1.09166588473554,-1.41052157418532,1.17824073156709,-1.37762672776456,-1.1406472641011,1.29297841330867
540,"Cluster 2",-0.0696476868365198,-0.0629330673254363,-0.230214511871725,0.299955566308371,0.547698090246102,-0.308180314578014
541,"Cluster 3",1.33562733527464,1.28465543953445,-1.63866975531054,1.43908289443534,1.22303623198498,-2.07497615224607
542,"Cluster 2",-0.00577154946783087,-0.0629330673254363,0.574617055807596,-0.0953078921260477,-0.352752765405741,0.243943384693255
543,"Cluster 3",1.59113188474939,2.63224394639433,-1.03504607955105,1.47934120964625,1.67326165981091,-1.19157823341204
544,"Cluster 2",-0.00577154946783087,-1.41052157418532,-0.0290066199518942,0.530068436207112,0.435141733289622,-0.142543204796633
545,"Cluster 3",1.5272557473807,-0.0629330673254363,-1.43746186339071,1.61018073408172,1.78581801676739,-1.52285245297481
546,"Cluster 3",1.39950347264332,-0.0629330673254363,-1.43746186339071,1.96976068585192,2.23604344459331,-1.52285245297481
547,"Cluster 2",-0.0696476868365198,-0.0629330673254363,-0.431422403791555,0.359428077415401,0.435141733289622,-0.418605054432267
548,"Cluster 3",1.33562733527464,1.28465543953445,-1.43746186339071,1.32791504675066,1.44814894589795,-1.35721534319342
549,"Cluster 3",1.5272557473807,-0.0629330673254363,-1.23625397147088,1.18380857752978,1.33559258894147,-1.96455141239182
550,"Cluster 2",0.313609137375614,-0.0629330673254363,-0.0290066199518942,0.246430306312043,0.210029019376661,-0.0321184649423791
551,"Cluster 2",0.058104587900858,1.28465543953445,0.172201271967936,0.0172323981226409,0.0974726624201804,-0.0321184649423791
552,"Cluster 2",0.313609137375614,-0.0629330673254363,0.172201271967936,0.310020145111099,0.435141733289622,-0.308180314578014
553,"Cluster 1",-1.21941815947292,-0.0629330673254363,1.37944862348692,-0.993342809842208,-0.802978193231663,0.796067083964524
554,"Cluster 3",1.46337961001201,-0.0629330673254363,-1.63866975531054,1.95603626021184,2.12348708763683,-2.29582563195458
555,"Cluster 1",-1.28329429684161,-0.0629330673254363,0.977032839647257,-1.18365484538471,-1.1406472641011,0.961704193745905
556,"Cluster 1",-1.09166588473554,-0.0629330673254363,0.977032839647257,-0.793881157206321,-1.02809090714462,0.464792864401763
558,"Cluster 1",-0.64453292315472,-1.41052157418532,2.18428019116624,-0.62415576012395,-0.465309122362222,0.575217604256017
559,"Cluster 1",-1.21941815947292,1.28465543953445,0.977032839647257,-1.40690550246341,-1.36575997801407,1.5690402629443
560,"Cluster 2",0.121980725269547,-1.41052157418532,-0.833838187631215,-0.0125038574308743,-0.240196408449261,-0.0321184649423791
561,"Cluster 2",-0.133523824205209,-0.0629330673254363,0.172201271967936,0.638491398763775,0.885367161115543,-1.13636586348492
562,"Cluster 3",1.46337961001201,-1.41052157418532,-1.03504607955105,1.68292018997416,1.89837437372387,-1.35721534319342
563,"Cluster 3",1.46337961001201,-1.41052157418532,-1.43746186339071,1.31647802538392,1.1104798750285,-1.35721534319342
564,"Cluster 2",0.058104587900858,-0.0629330673254363,-0.833838187631215,-0.29842939159929,-0.0150836945363,0.52000523432889
565,"Cluster 1",-1.09166588473554,-1.41052157418532,-0.0290066199518942,-1.26325651409719,-1.02809090714462,0.961704193745905
566,"Cluster 1",-0.963913609998164,-1.41052157418532,0.977032839647257,-0.713364526784496,-0.465309122362222,0.630429974183144
567,"Cluster 2",-0.00577154946783087,1.28465543953445,-0.0290066199518942,-0.278300233993834,-0.465309122362222,0.796067083964524
568,"Cluster 3",1.27175119790595,-1.41052157418532,-1.43746186339071,1.55757043579473,1.67326165981091,-1.52285245297481
569,"Cluster 1",-1.09166588473554,-1.41052157418532,1.37944862348692,-0.917858468821747,-0.802978193231663,1.01691656367303
570,"Cluster 3",1.59113188474939,1.28465543953445,-1.23625397147088,1.4875758650303,1.44814894589795,-1.24679060333917
571,"Cluster 1",-0.900037472629475,-0.0629330673254363,1.37944862348692,-0.801200850881033,-0.577865479318702,0.464792864401763
572,"Cluster 3",1.46337961001201,-0.0629330673254363,-1.43746186339071,1.17237155616304,1.22303623198498,-1.19157823341204
573,"Cluster 1",-1.21941815947292,-0.0629330673254363,1.37944862348692,-1.27560849717327,-1.02809090714462,1.12734130352729
574,"Cluster 1",-0.836161335260786,1.28465543953445,1.37944862348692,-1.55558678023098,-1.47831633497055,1.40340315316292
575,"Cluster 3",1.59113188474939,-1.41052157418532,-1.23625397147088,1.25792047598623,1.1104798750285,-1.46764008304768
576,"Cluster 1",-1.15554202210423,-1.41052157418532,1.37944862348692,-0.959031745741998,-1.1406472641011,1.29297841330867
577,"Cluster 1",-0.900037472629475,-0.0629330673254363,1.17824073156709,-1.4009582513527,-1.36575997801407,1.34819078323579
578,"Cluster 2",0.121980725269547,-0.0629330673254363,-0.230214511871725,0.114675820167237,0.210029019376661,0.0230939049847478
579,"Cluster 1",-1.28329429684161,-1.41052157418532,1.78186440732658,-1.22071079461293,-1.1406472641011,0.906491823818778
580,"Cluster 1",-1.28329429684161,-1.41052157418532,1.37944862348692,-1.36847711067117,-1.59087269192703,1.18255367345441
581,"Cluster 3",1.46337961001201,-0.0629330673254363,-1.43746186339071,1.67971782399148,1.44814894589795,-1.52285245297481
582,"Cluster 3",1.46337961001201,-0.0629330673254363,-1.43746186339071,1.20942750539127,1.22303623198498,-1.02594112363066
583,"Cluster 3",1.78276029685546,-0.0629330673254363,-0.833838187631215,1.47842624793691,1.44814894589795,-1.46764008304768
584,"Cluster 2",-0.0696476868365198,-1.41052157418532,-0.230214511871725,-0.353784575014296,-0.577865479318702,0.52000523432889
585,"Cluster 3",1.78276029685546,-1.41052157418532,-1.03504607955105,1.00676348677269,0.885367161115543,-1.02594112363066
586,"Cluster 2",0.058104587900858,-0.0629330673254363,-0.230214511871725,-0.349667247322271,-0.577865479318702,0.409580494474636
587,"Cluster 2",0.249733000006925,-1.41052157418532,-1.23625397147088,0.461903788861361,0.660254447202583,-0.529029794286521
589,"Cluster 3",1.46337961001201,-1.41052157418532,-1.03504607955105,1.12982583667878,1.33559258894147,-1.08115349355779
590,"Cluster 1",-0.900037472629475,-0.0629330673254363,1.78186440732658,-1.23214781597967,-1.25320362105758,1.01691656367303
591,"Cluster 1",-0.836161335260786,-0.0629330673254363,1.37944862348692,-0.798913446607686,-1.02809090714462,1.23776604338154
592,"Cluster 2",-0.261276098942586,-0.0629330673254363,0.373409163887766,0.351193422031351,0.547698090246102,-0.19775557472376
593,"Cluster 3",1.65500802211808,1.28465543953445,-1.63866975531054,1.73873285424384,1.78581801676739,-2.1301885221732
594,"Cluster 2",0.313609137375614,-1.41052157418532,-0.431422403791555,-0.118181934859521,-0.240196408449261,-0.252967944650887
595,"Cluster 2",-0.133523824205209,2.63224394639433,-0.431422403791555,0.0556607899148758,0.0974726624201804,-0.529029794286521
596,"Cluster 3",1.5272557473807,-0.0629330673254363,-1.63866975531054,1.73461552655181,1.44814894589795,-1.13636586348492
597,"Cluster 1",-1.41104657157899,-1.41052157418532,0.775824947727427,-1.32547391033224,-1.47831633497055,1.07212893360016
598,"Cluster 2",-0.00577154946783087,1.28465543953445,-0.230214511871725,-0.138311092464977,0.0974726624201804,0.188731014766128
599,"Cluster 3",1.14399892316857,2.63224394639433,-1.03504607955105,1.26386772709693,1.44814894589795,-1.52285245297481
600,"Cluster 2",-0.133523824205209,-0.0629330673254363,-0.431422403791555,0.0163174364133018,-0.12764005149278,0.52000523432889
601,"Cluster 2",0.185856862638236,-0.0629330673254363,-1.03504607955105,-0.347379843048923,-0.577865479318702,0.464792864401763
602,"Cluster 1",-1.02778974736685,-0.0629330673254363,1.17824073156709,-0.79479611891566,-0.465309122362222,1.18255367345441
603,"Cluster 2",-0.133523824205209,-0.0629330673254363,-0.431422403791555,-0.0390377470017036,0.0974726624201804,-0.584242164213648
604,"Cluster 2",0.058104587900858,-0.0629330673254363,-0.0290066199518942,0.236823208363984,0.322585376333141,-0.19775557472376
605,"Cluster 2",-0.325152236311275,1.28465543953445,-0.632630295711385,0.13754986290071,0.0974726624201804,-0.363392684505141
606,"Cluster 3",1.14399892316857,-0.0629330673254363,-1.63866975531054,1.45875457118613,1.33559258894147,-1.19157823341204
607,"Cluster 2",0.313609137375614,-0.0629330673254363,0.172201271967936,-0.0335479767456698,0.210029019376661,0.52000523432889
608,"Cluster 3",1.5272557473807,-0.0629330673254363,-1.03504607955105,1.19707552231519,1.33559258894147,-1.13636586348492
609,"Cluster 2",-0.0696476868365198,-0.0629330673254363,-0.431422403791555,0.359428077415401,0.322585376333141,-0.308180314578014
610,"Cluster 2",0.121980725269547,1.28465543953445,0.373409163887766,0.558889730051288,0.772810804159063,-1.08115349355779
611,"Cluster 1",-0.836161335260786,-0.0629330673254363,0.977032839647257,-0.89818679207096,-1.1406472641011,0.52000523432889
612,"Cluster 2",-0.0696476868365198,-0.0629330673254363,-1.03504607955105,0.0634379644442568,-0.0150836945363,-0.0321184649423791
613,"Cluster 2",-0.261276098942586,-0.0629330673254363,0.172201271967936,-0.0436125555483979,0.0974726624201804,0.0783062749118747
614,"Cluster 3",1.65500802211808,1.28465543953445,-0.833838187631215,1.10237698539861,1.1104798750285,-0.694666904067902
615,"Cluster 1",-1.09166588473554,-1.41052157418532,1.37944862348692,-1.50709380963602,-1.25320362105758,1.95552685243419
616,"Cluster 3",1.84663643422415,-1.41052157418532,-1.63866975531054,1.28353940384772,1.1104798750285,-0.694666904067902
617,"Cluster 3",1.27175119790595,2.63224394639433,-0.632630295711385,1.19707552231519,0.997923518072024,-1.08115349355779
618,"Cluster 3",1.20787506053726,2.63224394639433,-0.833838187631215,1.26203780367826,0.997923518072024,-1.19157823341204
619,"Cluster 3",1.39950347264332,-0.0629330673254363,-1.23625397147088,1.49489555870501,1.33559258894147,-1.3020029732663
620,"Cluster 2",0.185856862638236,-0.0629330673254363,-0.0290066199518942,0.0423938451294614,0.322585376333141,0.0783062749118747
621,"Cluster 3",1.46337961001201,-0.0629330673254363,-1.23625397147088,1.74010529680785,1.78581801676739,-1.52285245297481
622,"Cluster 3",1.71888415948677,1.28465543953445,-1.63866975531054,1.39058992384038,1.33559258894147,-1.52285245297481
623,"Cluster 3",1.46337961001201,-0.0629330673254363,-1.63866975531054,1.85539047218455,1.67326165981091,-2.01976378231895
624,"Cluster 2",-0.325152236311275,-1.41052157418532,0.373409163887766,0.341586324083292,0.435141733289622,-0.418605054432267
625,"Cluster 2",-0.133523824205209,-1.41052157418532,-0.431422403791555,-0.117266973150182,-0.352752765405741,0.354368124547509
626,"Cluster 2",-0.133523824205209,-0.0629330673254363,-1.23625397147088,0.126112841533973,-0.0150836945363,-0.363392684505141
627,"Cluster 2",0.121980725269547,1.28465543953445,-1.03504607955105,0.364002885962096,0.210029019376661,-0.529029794286521
628,"Cluster 3",1.5272557473807,-0.0629330673254363,-1.03504607955105,1.65775874296734,1.56070530285443,-1.52285245297481
629,"Cluster 2",-0.133523824205209,-1.41052157418532,-0.833838187631215,0.382302120148874,0.322585376333141,0.0230939049847478
630,"Cluster 2",-0.580656785786031,-0.0629330673254363,-0.431422403791555,0.216694050758528,0.0974726624201804,-0.252967944650887
631,"Cluster 3",1.65500802211808,-0.0629330673254363,-1.03504607955105,1.66599339835139,1.56070530285443,-1.74370193268331
632,"Cluster 3",1.5272557473807,-0.0629330673254363,-1.23625397147088,1.34895916606545,1.56070530285443,-1.13636586348492
633,"Cluster 1",-1.21941815947292,-1.41052157418532,1.37944862348692,-1.51258357989205,-1.47831633497055,1.73467737272568
634,"Cluster 1",-0.900037472629475,-0.0629330673254363,1.37944862348692,-1.04458066556519,-0.915534550188143,0.68564234411027
635,"Cluster 2",-0.325152236311275,1.28465543953445,-0.0290066199518942,0.0510859813681814,0.210029019376661,0.354368124547509
636,"Cluster 2",-0.00577154946783087,-1.41052157418532,-0.431422403791555,0.00350797248255672,-0.12764005149278,-0.0321184649423791
637,"Cluster 3",1.46337961001201,-0.0629330673254363,-1.63866975531054,1.2254393353047,1.44814894589795,-0.749879273995029
638,"Cluster 3",1.59113188474939,-0.0629330673254363,-1.63866975531054,1.29314650179578,1.1104798750285,-1.35721534319342
639,"Cluster 3",1.5272557473807,-0.0629330673254363,-0.833838187631215,1.35444893632149,1.44814894589795,-1.35721534319342
640,"Cluster 1",-0.580656785786031,-0.0629330673254363,1.17824073156709,-0.806690621137067,-0.802978193231663,1.12734130352729
641,"Cluster 1",-1.21941815947292,-0.0629330673254363,1.58065651540675,-1.11823508316697,-1.1406472641011,0.961704193745905
642,"Cluster 3",1.59113188474939,-0.0629330673254363,-1.23625397147088,1.44960495409274,1.22303623198498,-1.3020029732663
643,"Cluster 3",1.59113188474939,1.28465543953445,-1.43746186339071,1.76663918637868,1.44814894589795,-2.1301885221732
644,"Cluster 2",-0.197399961573898,-1.41052157418532,-0.0290066199518942,-0.3327404556995,-0.240196408449261,-0.0321184649423791
645,"Cluster 2",-0.0696476868365198,-0.0629330673254363,-0.0290066199518942,-0.211965510066761,-0.12764005149278,0.464792864401763
646,"Cluster 1",-1.02778974736685,-0.0629330673254363,1.17824073156709,-1.38952122998597,-1.1406472641011,1.23776604338154
647,"Cluster 1",-1.28329429684161,-0.0629330673254363,1.17824073156709,-1.26554391837054,-1.02809090714462,1.29297841330867
648,"Cluster 2",0.185856862638236,-0.0629330673254363,-0.632630295711385,0.253292519132085,0.322585376333141,-0.363392684505141
649,"Cluster 2",0.058104587900858,-0.0629330673254363,-0.632630295711385,0.0277544577800384,0.322585376333141,0.133518644839002
650,"Cluster 1",-1.21941815947292,-1.41052157418532,1.17824073156709,-0.968638843690057,-1.02809090714462,1.23776604338154
651,"Cluster 3",1.27175119790595,-0.0629330673254363,-1.03504607955105,1.69161232621288,1.56070530285443,-1.63327719282906
652,"Cluster 3",1.59113188474939,1.28465543953445,-1.63866975531054,1.59233898074961,1.78581801676739,-1.90933904246469
653,"Cluster 1",-1.41104657157899,-0.0629330673254363,0.574617055807596,-0.842831608655954,-0.577865479318702,0.464792864401763
654,"Cluster 1",-1.3471704342103,-1.41052157418532,1.37944862348692,-1.22620056486897,-1.1406472641011,1.01691656367303
655,"Cluster 1",-1.02778974736685,-0.0629330673254363,1.17824073156709,-1.13195950880706,-1.36575997801407,1.18255367345441
656,"Cluster 3",1.33562733527464,-0.0629330673254363,-1.43746186339071,1.51502471631047,1.78581801676739,-1.24679060333917
657,"Cluster 3",1.46337961001201,-1.41052157418532,-1.63866975531054,1.14080537719085,0.885367161115543,-1.74370193268331
658,"Cluster 2",-0.133523824205209,-0.0629330673254363,-0.833838187631215,0.0885994114510776,0.0974726624201804,0.0783062749118747
659,"Cluster 1",-1.3471704342103,-0.0629330673254363,1.98307229924641,-1.34834795306571,-1.25320362105758,1.01691656367303
660,"Cluster 2",-0.261276098942586,-0.0629330673254363,-0.230214511871725,-0.0806685047766248,0.0974726624201804,0.133518644839002
661,"Cluster 3",1.65500802211808,-0.0629330673254363,-1.03504607955105,1.50358769494373,1.56070530285443,-1.46764008304768
662,"Cluster 3",1.65500802211808,-0.0629330673254363,-1.23625397147088,1.42627343050459,1.56070530285443,-1.3020029732663
663,"Cluster 2",-0.0696476868365198,-0.0629330673254363,-0.230214511871725,-0.263203365789742,-0.0150836945363,0.630429974183144
664,"Cluster 1",-1.15554202210423,-0.0629330673254363,0.373409163887766,-1.06333738060664,-0.915534550188143,0.796067083964524
665,"Cluster 2",0.185856862638236,-1.41052157418532,-0.230214511871725,-0.0028967594828155,-0.240196408449261,-0.142543204796633
666,"Cluster 2",-0.00577154946783087,-1.41052157418532,-0.0290066199518942,0.452296690913302,0.660254447202583,-0.639454534140775
667,"Cluster 3",1.59113188474939,-0.0629330673254363,-1.43746186339071,1.49169319272233,1.33559258894147,-0.915516383776409
668,"Cluster 2",-0.261276098942586,-1.41052157418532,-0.632630295711385,0.190617642042368,-0.12764005149278,-0.473817424359394
669,"Cluster 1",-0.900037472629475,1.28465543953445,1.17824073156709,-1.45311106878502,-1.59087269192703,1.34819078323579
670,"Cluster 2",-0.0696476868365198,2.63224394639433,0.574617055807596,0.424390358778465,0.322585376333141,-0.529029794286521
671,"Cluster 2",-0.261276098942586,1.28465543953445,-0.0290066199518942,0.217609012467867,0.0974726624201804,-0.142543204796633
672,"Cluster 1",-1.02778974736685,-1.41052157418532,1.17824073156709,-0.689575522341684,-0.802978193231663,0.796067083964524
673,"Cluster 2",-0.0696476868365198,-0.0629330673254363,-0.431422403791555,-0.108117356056793,-0.12764005149278,0.464792864401763
674,"Cluster 2",-0.389028373679964,1.28465543953445,-0.431422403791555,-0.123214224260885,-0.12764005149278,0.133518644839002
675,"Cluster 1",-0.836161335260786,-1.41052157418532,1.78186440732658,-1.18594224965805,-1.36575997801407,1.29297841330867
676,"Cluster 1",-0.836161335260786,-0.0629330673254363,1.17824073156709,-1.51166861818271,-1.36575997801407,1.23776604338154
677,"Cluster 3",1.5272557473807,-0.0629330673254363,-1.23625397147088,1.21308735222862,1.33559258894147,-1.08115349355779
678,"Cluster 2",-0.197399961573898,-0.0629330673254363,-1.03504607955105,0.296753200325684,0.547698090246102,-0.363392684505141
679,"Cluster 1",-0.836161335260786,-1.41052157418532,0.977032839647257,-1.53865998860821,-1.81598540583999,1.67946500279855
680,"Cluster 1",-0.963913609998164,1.28465543953445,0.574617055807596,-1.02582395052374,-0.802978193231663,1.07212893360016
681,"Cluster 1",-1.3471704342103,-1.41052157418532,1.58065651540675,-1.15254614726718,-1.1406472641011,0.961704193745905
682,"Cluster 1",-0.836161335260786,1.28465543953445,1.37944862348692,-1.21384858179289,-1.02809090714462,1.29297841330867
683,"Cluster 3",1.39950347264332,-0.0629330673254363,-0.632630295711385,1.63625714279788,1.67326165981091,-1.63327719282906
684,"Cluster 3",1.71888415948677,-0.0629330673254363,-1.63866975531054,1.17740384556441,0.997923518072024,-0.860304013849283
685,"Cluster 3",1.27175119790595,-0.0629330673254363,-0.833838187631215,1.34301191495475,1.33559258894147,-1.13636586348492
686,"Cluster 1",-0.708409060523409,-1.41052157418532,1.37944862348692,-0.857928476860047,-1.02809090714462,0.52000523432889
687,"Cluster 1",-0.836161335260786,-0.0629330673254363,1.37944862348692,-0.956286860613982,-1.02809090714462,0.575217604256017
688,"Cluster 2",-0.0696476868365198,-0.0629330673254363,-0.431422403791555,0.383217081858213,0.435141733289622,0.133518644839002
689,"Cluster 1",-1.15554202210423,2.63224394639433,1.37944862348692,-0.792051233787644,-0.465309122362222,0.740854714037397
690,"Cluster 2",-0.133523824205209,-1.41052157418532,0.574617055807596,0.51405660629368,0.772810804159063,-0.418605054432267
691,"Cluster 2",0.058104587900858,-0.0629330673254363,-0.0290066199518942,-0.146088266994358,-0.12764005149278,0.0783062749118747
692,"Cluster 1",-0.900037472629475,-1.41052157418532,1.58065651540675,-1.31449436982017,-1.36575997801407,1.67946500279855
693,"Cluster 1",-0.64453292315472,1.28465543953445,1.37944862348692,-1.26279903324252,-1.36575997801407,1.29297841330867
694,"Cluster 2",-0.197399961573898,2.63224394639433,0.373409163887766,-0.235297033654904,-0.12764005149278,-0.0321184649423791
695,"Cluster 2",-0.0696476868365198,-0.0629330673254363,-0.230214511871725,-0.391755485951861,-0.465309122362222,0.354368124547509
696,"Cluster 1",-0.452904511048653,2.63224394639433,1.37944862348692,-1.48879457544924,-1.59087269192703,1.29297841330867
697,"Cluster 2",-0.197399961573898,-0.0629330673254363,0.373409163887766,0.0520009430775202,0.322585376333141,-0.308180314578014
698,"Cluster 2",-0.0696476868365198,1.28465543953445,-0.833838187631215,-0.515275316712617,-0.577865479318702,0.630429974183144
699,"Cluster 1",-1.47492270894768,-0.0629330673254363,0.172201271967936,-0.935242741299186,-1.02809090714462,1.01691656367303
700,"Cluster 2",-0.325152236311275,-0.0629330673254363,0.172201271967936,0.3864194478409,0.547698090246102,-0.0321184649423791
701,"Cluster 3",1.59113188474939,-0.0629330673254363,-1.03504607955105,1.58959409562159,1.44814894589795,-2.07497615224607
702,"Cluster 2",0.377485274744302,-0.0629330673254363,-0.0290066199518942,0.102323837091161,0.0974726624201804,0.243943384693255
703,"Cluster 2",0.313609137375614,-0.0629330673254363,-1.03504607955105,0.458243942024006,0.435141733289622,-0.418605054432267
704,"Cluster 3",1.65500802211808,-0.0629330673254363,-1.63866975531054,1.26203780367826,1.22303623198498,-1.46764008304768
705,"Cluster 2",0.313609137375614,-0.0629330673254363,-0.0290066199518942,-0.462207537570959,-0.690421836275183,0.299155754620382
706,"Cluster 1",-0.772285197892097,-0.0629330673254363,0.574617055807596,-0.797083523189008,-0.690421836275183,0.796067083964524
707,"Cluster 1",-1.21941815947292,-0.0629330673254363,0.775824947727427,-0.993800290696878,-1.25320362105758,0.851279453891651
708,"Cluster 2",-0.325152236311275,-0.0629330673254363,-0.431422403791555,0.337011515536597,0.0974726624201804,0.0783062749118747
709,"Cluster 2",0.313609137375614,1.28465543953445,-0.0290066199518942,0.0240946109426828,0.0974726624201804,-0.087330834869506
710,"Cluster 1",-1.21941815947292,-0.0629330673254363,0.574617055807596,-0.831852068143887,-0.915534550188143,0.68564234411027
712,"Cluster 1",-1.15554202210423,-0.0629330673254363,0.775824947727427,-1.28796048024934,-1.25320362105758,1.40340315316292
713,"Cluster 1",-0.772285197892097,-0.0629330673254363,1.37944862348692,-1.53500014177086,-1.25320362105758,1.5690402629443
714,"Cluster 1",-1.21941815947292,-1.41052157418532,0.775824947727427,-1.09261615530548,-1.25320362105758,0.796067083964524
716,"Cluster 2",0.121980725269547,-0.0629330673254363,-0.230214511871725,-0.333655417408839,-0.352752765405741,0.52000523432889
717,"Cluster 2",-0.133523824205209,1.28465543953445,0.373409163887766,-0.017078665977569,0.210029019376661,-0.473817424359394
718,"Cluster 2",-0.133523824205209,-0.0629330673254363,0.977032839647257,-0.233467110236226,-0.352752765405741,0.575217604256017
719,"Cluster 3",1.5272557473807,-0.0629330673254363,-1.03504607955105,1.44091281785402,1.44814894589795,-1.13636586348492
720,"Cluster 2",0.058104587900858,-0.0629330673254363,-0.431422403791555,-0.423779145778724,-0.240196408449261,0.299155754620382
721,"Cluster 1",-0.836161335260786,-1.41052157418532,0.775824947727427,-0.696895216016395,-0.915534550188143,0.354368124547509
722,"Cluster 1",-1.15554202210423,-0.0629330673254363,1.17824073156709,-1.02307906539572,-1.25320362105758,0.630429974183144
723,"Cluster 1",-1.09166588473554,-0.0629330673254363,1.37944862348692,-1.0907862318868,-1.36575997801407,1.23776604338154
724,"Cluster 3",1.33562733527464,-0.0629330673254363,-1.03504607955105,1.26112284196892,1.22303623198498,-1.41242771312055
725,"Cluster 1",-1.02778974736685,-0.0629330673254363,1.58065651540675,-1.0953610404335,-1.25320362105758,0.575217604256017
726,"Cluster 3",1.39950347264332,-1.41052157418532,-1.63866975531054,1.23824879923544,1.44814894589795,-0.473817424359394
727,"Cluster 3",1.65500802211808,1.28465543953445,-1.03504607955105,1.36863084281624,1.33559258894147,-1.41242771312055
728,"Cluster 1",-0.900037472629475,-0.0629330673254363,1.17824073156709,-0.950797090357948,-1.02809090714462,1.12734130352729
729,"Cluster 3",1.5272557473807,-1.41052157418532,-1.43746186339071,1.31785046794793,1.22303623198498,-1.3020029732663
730,"Cluster 2",-0.133523824205209,-0.0629330673254363,-0.632630295711385,0.0872269688870692,0.210029019376661,0.299155754620382
731,"Cluster 1",-1.21941815947292,-0.0629330673254363,0.775824947727427,-1.01850425684903,-1.25320362105758,1.07212893360016
732,"Cluster 3",1.33562733527464,-0.0629330673254363,-1.23625397147088,1.5744972274175,1.33559258894147,-1.46764008304768
733,"Cluster 1",-1.02778974736685,-0.0629330673254363,0.574617055807596,-1.33553848913497,-1.36575997801407,1.01691656367303
734,"Cluster 3",1.5272557473807,-1.41052157418532,-1.63866975531054,0.958727997032401,1.1104798750285,-0.639454534140775
735,"Cluster 2",-0.00577154946783087,1.28465543953445,-0.431422403791555,-0.234382071945565,-0.12764005149278,0.354368124547509
736,"Cluster 2",0.058104587900858,1.28465543953445,-0.0290066199518942,0.312307549384446,0.0974726624201804,-0.584242164213648
737,"Cluster 3",1.59113188474939,1.28465543953445,-1.23625397147088,1.31785046794793,1.1104798750285,-1.13636586348492
738,"Cluster 3",1.39950347264332,-0.0629330673254363,-1.63866975531054,1.31510558281991,1.22303623198498,-1.41242771312055
739,"Cluster 2",0.058104587900858,-1.41052157418532,-0.0290066199518942,-0.0966803346900561,0.0974726624201804,-0.0321184649423791
740,"Cluster 2",0.185856862638236,-0.0629330673254363,-0.431422403791555,0.046053691966817,0.0974726624201804,-0.308180314578014
741,"Cluster 3",1.65500802211808,-0.0629330673254363,-0.632630295711385,1.165509343343,0.885367161115543,-1.41242771312055
742,"Cluster 2",-0.133523824205209,-0.0629330673254363,0.373409163887766,-0.15340796066907,-0.12764005149278,0.243943384693255
743,"Cluster 2",0.058104587900858,-1.41052157418532,0.172201271967936,0.0808222369216966,0.210029019376661,0.133518644839002
744,"Cluster 1",-1.28329429684161,-0.0629330673254363,0.373409163887766,-1.41422519613812,-1.1406472641011,1.78988974265281
745,"Cluster 2",-0.261276098942586,-0.0629330673254363,-0.0290066199518942,0.125197879824635,0.0974726624201804,-0.19775557472376
746,"Cluster 1",-1.15554202210423,1.28465543953445,1.17824073156709,-1.27972582486529,-1.47831633497055,1.01691656367303
747,"Cluster 3",1.5272557473807,-0.0629330673254363,-0.833838187631215,1.43862541358067,1.1104798750285,-1.19157823341204
748,"Cluster 2",-0.325152236311275,-0.0629330673254363,-0.230214511871725,0.235908246654645,-0.0150836945363,-0.860304013849283
749,"Cluster 1",-1.09166588473554,-0.0629330673254363,1.37944862348692,-0.921518315659102,-0.690421836275183,0.906491823818778
750,"Cluster 3",1.5272557473807,-0.0629330673254363,-1.23625397147088,1.20485269684457,0.997923518072024,-1.35721534319342
751,"Cluster 2",-0.00577154946783087,-1.41052157418532,-0.0290066199518942,0.123825437260626,0.0974726624201804,0.0230939049847478
752,"Cluster 2",-0.00577154946783087,-0.0629330673254363,-0.0290066199518942,0.0126575895759462,-0.0150836945363,0.188731014766128
753,"Cluster 2",-0.197399961573898,-0.0629330673254363,-0.431422403791555,0.680579637393366,0.547698090246102,-0.252967944650887
754,"Cluster 2",-0.197399961573898,1.28465543953445,-0.230214511871725,0.201597182554436,0.435141733289622,-0.418605054432267
755,"Cluster 1",-1.28329429684161,-0.0629330673254363,0.775824947727427,-0.81263787224777,-1.02809090714462,1.01691656367303
756,"Cluster 1",-1.02778974736685,-0.0629330673254363,1.37944862348692,-0.479591810048399,-0.240196408449261,0.299155754620382
757,"Cluster 1",-0.708409060523409,-1.41052157418532,1.37944862348692,-1.4384716814356,-1.59087269192703,1.23776604338154
758,"Cluster 3",1.84663643422415,-1.41052157418532,-1.23625397147088,1.20576765855391,0.997923518072024,-0.529029794286521
759,"Cluster 2",0.058104587900858,-0.0629330673254363,-0.431422403791555,0.51405660629368,0.210029019376661,-0.252967944650887
760,"Cluster 2",-0.389028373679964,-0.0629330673254363,-0.0290066199518942,-0.329538089716814,-0.465309122362222,0.575217604256017
761,"Cluster 1",-0.772285197892097,-1.41052157418532,1.37944862348692,-0.854268630022691,-0.690421836275183,0.851279453891651
762,"Cluster 2",0.249733000006925,-0.0629330673254363,0.172201271967936,0.0529159047868592,0.0974726624201804,-0.0321184649423791
763,"Cluster 1",-1.41104657157899,-0.0629330673254363,0.574617055807596,-1.06699722744399,-0.802978193231663,0.961704193745905
764,"Cluster 1",-0.836161335260786,-0.0629330673254363,0.977032839647257,-1.2810982674293,-1.36575997801407,1.40340315316292
765,"Cluster 1",-0.836161335260786,-0.0629330673254363,1.78186440732658,-1.16718553461661,-1.25320362105758,0.851279453891651
766,"Cluster 2",-0.00577154946783087,-0.0629330673254363,-0.833838187631215,0.227216110415925,0.210029019376661,-0.19775557472376
767,"Cluster 2",-0.00577154946783087,-1.41052157418532,-0.833838187631215,-0.604941564227832,-0.577865479318702,0.851279453891651
768,"Cluster 1",-1.09166588473554,-0.0629330673254363,0.977032839647257,-0.775581923019543,-0.915534550188143,1.12734130352729
769,"Cluster 1",-1.02778974736685,-0.0629330673254363,0.775824947727427,-1.09764844470685,-0.915534550188143,0.906491823818778
770,"Cluster 1",-1.3471704342103,-0.0629330673254363,1.17824073156709,-1.37122199579919,-1.36575997801407,1.62425263287143
771,"Cluster 3",1.5272557473807,2.63224394639433,-0.833838187631215,1.37640801734562,1.33559258894147,-1.35721534319342
772,"Cluster 3",1.78276029685546,-0.0629330673254363,-1.23625397147088,1.54476097186399,1.44814894589795,-1.74370193268331
773,"Cluster 1",-1.15554202210423,-0.0629330673254363,0.775824947727427,-1.40965038759142,-1.36575997801407,1.62425263287143
774,"Cluster 3",1.33562733527464,-1.41052157418532,-1.23625397147088,1.44365770298203,1.22303623198498,-1.35721534319342
775,"Cluster 2",-0.133523824205209,1.28465543953445,0.172201271967936,-0.121841781696877,0.0974726624201804,0.133518644839002
776,"Cluster 2",0.569113686850369,-0.0629330673254363,0.977032839647257,0.0378190365827666,-0.12764005149278,-0.473817424359394
777,"Cluster 2",-0.325152236311275,2.63224394639433,0.373409163887766,-0.200528488700025,-0.12764005149278,0.299155754620382
778,"Cluster 1",-0.963913609998164,-0.0629330673254363,0.977032839647257,-1.25227697358513,-1.47831633497055,0.961704193745905
779,"Cluster 1",-1.15554202210423,-1.41052157418532,1.37944862348692,-1.27606597802794,-1.47831633497055,1.67946500279855
780,"Cluster 3",1.08012278579988,-0.0629330673254363,-1.43746186339071,1.54704837613733,1.67326165981091,-1.96455141239182
781,"Cluster 2",-0.0696476868365198,-0.0629330673254363,-0.0290066199518942,-0.174452079983865,-0.352752765405741,1.12734130352729
782,"Cluster 3",1.39950347264332,-0.0629330673254363,-1.63866975531054,1.33386229786136,1.44814894589795,-0.694666904067902
783,"Cluster 2",-0.133523824205209,1.28465543953445,-0.632630295711385,0.20617199110113,0.322585376333141,-0.087330834869506
784,"Cluster 1",-1.15554202210423,-1.41052157418532,0.977032839647257,-1.04183578043717,-1.02809090714462,0.796067083964524
785,"Cluster 3",1.59113188474939,-1.41052157418532,-0.632630295711385,1.84578337423649,1.89837437372387,-1.68848956275619
786,"Cluster 1",-0.963913609998164,-1.41052157418532,1.37944862348692,-0.858385957714716,-0.915534550188143,1.01691656367303
787,"Cluster 2",-0.00577154946783087,1.28465543953445,-0.230214511871725,0.236365727509315,-0.0150836945363,-0.363392684505141
788,"Cluster 2",-0.00577154946783087,1.28465543953445,-0.632630295711385,0.0474261345308254,-0.12764005149278,-0.363392684505141
789,"Cluster 2",0.185856862638236,1.28465543953445,-0.632630295711385,-0.254511229551022,-0.240196408449261,0.243943384693255
790,"Cluster 3",1.14399892316857,-0.0629330673254363,-1.63866975531054,1.82382429321236,1.56070530285443,-2.18540089210033
791,"Cluster 3",1.39950347264332,-0.0629330673254363,-1.43746186339071,1.43542304759798,1.67326165981091,-1.41242771312055
792,"Cluster 1",-0.963913609998164,-0.0629330673254363,0.373409163887766,-1.33965581682699,-1.59087269192703,0.796067083964524
793,"Cluster 2",0.058104587900858,-0.0629330673254363,-0.632630295711385,0.552027517231246,0.547698090246102,-0.749879273995029
794,"Cluster 1",-0.900037472629475,-1.41052157418532,1.37944862348692,-1.09627600214284,-0.915534550188143,1.12734130352729
795,"Cluster 3",1.59113188474939,-0.0629330673254363,-1.23625397147088,1.09185492574122,1.22303623198498,-1.41242771312055
796,"Cluster 1",-1.28329429684161,-0.0629330673254363,0.574617055807596,-0.847406417202649,-0.915534550188143,1.07212893360016
797,"Cluster 2",-0.00577154946783087,-0.0629330673254363,-0.0290066199518942,0.217609012467867,0.0974726624201804,-0.805091643922156
798,"Cluster 2",-0.197399961573898,2.63224394639433,-0.431422403791555,-0.339602668519542,-0.577865479318702,0.354368124547509
799,"Cluster 2",-0.197399961573898,-0.0629330673254363,-0.0290066199518942,0.282571293830931,0.210029019376661,-0.308180314578014
800,"Cluster 2",-0.0696476868365198,-0.0629330673254363,-0.0290066199518942,0.0190623215413187,0.322585376333141,-0.19775557472376
801,"Cluster 1",-0.836161335260786,-0.0629330673254363,1.78186440732658,-1.29665261648806,-1.36575997801407,1.45861552309005
802,"Cluster 2",0.185856862638236,-1.41052157418532,-0.230214511871725,0.374067464764824,0.435141733289622,-0.970728753703536
803,"Cluster 2",-0.00577154946783087,-0.0629330673254363,-0.0290066199518942,0.00854026188392114,-0.240196408449261,0.354368124547509
804,"Cluster 2",-0.133523824205209,-1.41052157418532,-0.230214511871725,0.24002557434667,0.322585376333141,-0.584242164213648
805,"Cluster 2",0.058104587900858,-0.0629330673254363,-0.0290066199518942,-0.0683165217005494,-0.240196408449261,0.243943384693255
806,"Cluster 3",2.1021409836989,-0.0629330673254363,-0.833838187631215,1.83388887201509,1.67326165981091,-1.68848956275619
808,"Cluster 1",-1.15554202210423,1.28465543953445,1.98307229924641,-0.926093124205797,-0.690421836275183,1.07212893360016
809,"Cluster 1",-1.02778974736685,1.28465543953445,1.58065651540675,-1.08438149992143,-0.915534550188143,0.906491823818778
810,"Cluster 1",-0.836161335260786,1.28465543953445,0.775824947727427,-1.42977954519688,-1.25320362105758,1.40340315316292
811,"Cluster 2",-0.0696476868365198,-0.0629330673254363,-0.230214511871725,0.307275259983082,0.0974726624201804,-0.252967944650887
812,"Cluster 1",-1.3471704342103,-0.0629330673254363,1.17824073156709,-1.23443522025302,-1.25320362105758,1.23776604338154
813,"Cluster 2",-0.197399961573898,-0.0629330673254363,-0.431422403791555,0.344331209211309,0.210029019376661,-0.252967944650887
814,"Cluster 3",1.5272557473807,-0.0629330673254363,-1.23625397147088,1.42215610281257,1.22303623198498,-1.46764008304768
815,"Cluster 3",1.65500802211808,-0.0629330673254363,-1.63866975531054,1.8576778764579,1.67326165981091,-1.52285245297481
816,"Cluster 2",-0.325152236311275,-1.41052157418532,-0.431422403791555,0.358970596560732,0.435141733289622,0.0783062749118747
817,"Cluster 2",0.121980725269547,-0.0629330673254363,-1.03504607955105,0.372237541346146,0.322585376333141,-0.19775557472376
818,"Cluster 2",-0.261276098942586,-0.0629330673254363,0.373409163887766,-0.112692164603487,0.0974726624201804,0.133518644839002
819,"Cluster 1",-1.09166588473554,-0.0629330673254363,0.373409163887766,-1.54369227800958,-1.47831633497055,1.5690402629443
821,"Cluster 1",-0.836161335260786,1.28465543953445,0.775824947727427,-0.952627013776626,-1.1406472641011,0.575217604256017
822,"Cluster 2",-0.133523824205209,-1.41052157418532,-0.0290066199518942,0.130230169225999,0.0974726624201804,0.133518644839002
823,"Cluster 1",-1.15554202210423,-1.41052157418532,0.775824947727427,-1.45814335818639,-1.59087269192703,1.29297841330867
824,"Cluster 3",1.59113188474939,1.28465543953445,-1.43746186339071,1.73598796911582,1.78581801676739,-1.85412667253757
825,"Cluster 1",-0.900037472629475,1.28465543953445,0.775824947727427,-1.09581852128817,-0.915534550188143,1.23776604338154
826,"Cluster 2",-0.261276098942586,-0.0629330673254363,0.775824947727427,0.0492560579495033,0.210029019376661,-0.087330834869506
827,"Cluster 1",-0.772285197892097,-0.0629330673254363,2.18428019116624,-1.41056534930076,-1.70342904888351,1.23776604338154
828,"Cluster 2",-0.0696476868365198,-1.41052157418532,0.977032839647257,0.333809149553911,0.660254447202583,-0.142543204796633
829,"Cluster 2",-0.325152236311275,-0.0629330673254363,-1.23625397147088,0.0776198709390103,-0.0150836945363,0.354368124547509
830,"Cluster 1",-1.09166588473554,-0.0629330673254363,1.17824073156709,-1.12097996829499,-1.36575997801407,1.12734130352729
831,"Cluster 2",-0.389028373679964,-1.41052157418532,-0.431422403791555,-0.0934779687073699,-0.0150836945363,0.133518644839002
832,"Cluster 3",1.39950347264332,-0.0629330673254363,-0.833838187631215,1.64403431732726,1.56070530285443,-1.52285245297481
833,"Cluster 1",-1.15554202210423,1.28465543953445,1.37944862348692,-1.27194865033591,-1.02809090714462,1.34819078323579
834,"Cluster 1",-1.15554202210423,-0.0629330673254363,1.58065651540675,-0.79479611891566,-0.577865479318702,0.851279453891651
835,"Cluster 1",-1.21941815947292,1.28465543953445,1.37944862348692,-0.702384986272428,-0.690421836275183,0.796067083964524
836,"Cluster 1",-1.02778974736685,-0.0629330673254363,0.775824947727427,-0.899101753780299,-0.690421836275183,0.68564234411027
837,"Cluster 1",-0.963913609998164,1.28465543953445,0.977032839647257,-1.21842339033959,-1.36575997801407,1.01691656367303
838,"Cluster 1",-0.836161335260786,-0.0629330673254363,0.977032839647257,-1.31723925494819,-1.47831633497055,1.18255367345441
839,"Cluster 2",-0.261276098942586,-1.41052157418532,0.172201271967936,0.161338867343522,0.322585376333141,0.299155754620382
840,"Cluster 2",-0.389028373679964,-1.41052157418532,-0.0290066199518942,-0.167589867163823,-0.12764005149278,0.243943384693255
841,"Cluster 3",1.84663643422415,-0.0629330673254363,-1.63866975531054,1.87094482124331,1.89837437372387,-2.18540089210033
842,"Cluster 1",-1.21941815947292,-0.0629330673254363,1.37944862348692,-1.03680349103581,-0.802978193231663,1.07212893360016
843,"Cluster 1",-1.15554202210423,-0.0629330673254363,1.17824073156709,-1.03634601018114,-0.915534550188143,0.740854714037397
844,"Cluster 2",-0.133523824205209,-0.0629330673254363,-0.431422403791555,0.173690850419598,-0.0150836945363,-0.473817424359394
845,"Cluster 1",-1.09166588473554,-0.0629330673254363,0.977032839647257,-1.1118303512016,-1.02809090714462,0.796067083964524
846,"Cluster 2",0.058104587900858,-1.41052157418532,-0.431422403791555,0.645353611583817,0.885367161115543,-0.19775557472376
847,"Cluster 3",1.46337961001201,-0.0629330673254363,-1.03504607955105,1.30458352316252,1.44814894589795,-1.3020029732663
848,"Cluster 2",-0.197399961573898,-0.0629330673254363,-0.0290066199518942,-0.227062378270854,-0.240196408449261,0.796067083964524
849,"Cluster 2",-0.64453292315472,-0.0629330673254363,-0.632630295711385,0.215779089049189,0.322585376333141,-0.529029794286521
850,"Cluster 2",0.058104587900858,-0.0629330673254363,-0.0290066199518942,0.410665933138381,0.435141733289622,0.0783062749118747
851,"Cluster 2",-0.0696476868365198,-0.0629330673254363,-0.230214511871725,0.0876844497417385,0.0974726624201804,-0.0321184649423791
852,"Cluster 1",-1.21941815947292,-0.0629330673254363,1.37944862348692,-0.788391386950288,-0.690421836275183,1.01691656367303
853,"Cluster 3",1.27175119790595,-1.41052157418532,-1.23625397147088,1.70899659869032,1.56070530285443,-1.74370193268331
854,"Cluster 1",-1.15554202210423,1.28465543953445,1.58065651540675,-1.25502185871314,-1.25320362105758,1.62425263287143
855,"Cluster 1",-1.02778974736685,-0.0629330673254363,1.78186440732658,-1.3126644464015,-1.25320362105758,1.23776604338154
856,"Cluster 1",-0.900037472629475,-1.41052157418532,0.574617055807596,-1.42383229408618,-1.36575997801407,1.84510211257994
857,"Cluster 3",1.39950347264332,1.28465543953445,-1.63866975531054,1.22269445017668,1.1104798750285,-1.35721534319342
858,"Cluster 2",-0.261276098942586,-0.0629330673254363,-0.431422403791555,-0.181771773658577,-0.240196408449261,0.354368124547509
859,"Cluster 2",-0.00577154946783087,-1.41052157418532,-0.431422403791555,0.169116041872903,0.435141733289622,-0.970728753703536
860,"Cluster 3",1.71888415948677,-1.41052157418532,-1.43746186339071,1.46607426486084,1.67326165981091,-1.74370193268331
861,"Cluster 1",-1.15554202210423,-0.0629330673254363,0.574617055807596,-1.07477440197337,-0.915534550188143,1.01691656367303
862,"Cluster 2",-0.133523824205209,-0.0629330673254363,0.172201271967936,-0.316271144931399,-0.465309122362222,-0.087330834869506
863,"Cluster 1",-1.15554202210423,-1.41052157418532,1.17824073156709,-0.679510943538955,-0.802978193231663,0.575217604256017
864,"Cluster 1",-0.963913609998164,1.28465543953445,1.37944862348692,-0.931125413607161,-1.1406472641011,0.68564234411027
865,"Cluster 1",-1.02778974736685,-0.0629330673254363,1.58065651540675,-0.991512886423531,-1.25320362105758,1.12734130352729
866,"Cluster 2",-0.197399961573898,-0.0629330673254363,0.172201271967936,-0.0550495769151346,-0.240196408449261,0.133518644839002
867,"Cluster 2",0.121980725269547,-0.0629330673254363,-0.0290066199518942,-0.0559645386244737,0.210029019376661,0.133518644839002
868,"Cluster 2",-0.0696476868365198,-0.0629330673254363,-0.833838187631215,0.0309568237627247,-0.12764005149278,-0.252967944650887
869,"Cluster 1",-1.09166588473554,-0.0629330673254363,0.977032839647257,-0.823617412759837,-0.690421836275183,0.851279453891651
870,"Cluster 1",-1.09166588473554,-0.0629330673254363,1.17824073156709,-0.883547404721537,-0.577865479318702,0.630429974183144
871,"Cluster 2",-0.133523824205209,1.28465543953445,-0.0290066199518942,-0.138768573319647,-0.0150836945363,0.0230939049847478
872,"Cluster 2",-0.516780648417342,1.28465543953445,-0.632630295711385,-0.193208795025313,0.0974726624201804,0.243943384693255
873,"Cluster 3",1.84663643422415,-1.41052157418532,-1.63866975531054,1.52142944827584,1.67326165981091,-1.68848956275619
874,"Cluster 1",-1.02778974736685,-0.0629330673254363,1.17824073156709,-1.1328744705164,-1.1406472641011,1.62425263287143
875,"Cluster 3",1.84663643422415,1.28465543953445,-1.23625397147088,1.16688178590701,1.22303623198498,-0.805091643922156
876,"Cluster 1",-1.21941815947292,-0.0629330673254363,0.977032839647257,-0.71793933533119,-0.577865479318702,0.740854714037397
877,"Cluster 2",-0.452904511048653,-0.0629330673254363,-1.03504607955105,0.0021355299185486,-0.0150836945363,0.0783062749118747
878,"Cluster 1",-0.963913609998164,-0.0629330673254363,1.37944862348692,-0.837341838399921,-0.690421836275183,0.575217604256017
879,"Cluster 3",1.65500802211808,-0.0629330673254363,-0.833838187631215,1.80964238671761,1.67326165981091,-1.74370193268331
881,"Cluster 2",0.121980725269547,-0.0629330673254363,-0.0290066199518942,-0.23026474425354,-0.0150836945363,0.243943384693255
882,"Cluster 3",1.14399892316857,-0.0629330673254363,-1.43746186339071,1.45555220520344,1.56070530285443,-1.74370193268331
883,"Cluster 1",-1.21941815947292,-1.41052157418532,1.58065651540675,-1.33691093169898,-1.36575997801407,1.34819078323579
884,"Cluster 2",0.249733000006925,-0.0629330673254363,0.172201271967936,0.481117984757479,0.547698090246102,-0.087330834869506
885,"Cluster 1",-1.09166588473554,-0.0629330673254363,1.17824073156709,-1.1717603431633,-1.25320362105758,1.01691656367303
886,"Cluster 3",1.65500802211808,-0.0629330673254363,-1.43746186339071,1.27896459530103,1.22303623198498,-1.41242771312055
887,"Cluster 1",-1.02778974736685,-1.41052157418532,0.977032839647257,-1.13150202795239,-0.915534550188143,0.575217604256017
888,"Cluster 2",-0.00577154946783087,2.63224394639433,0.172201271967936,0.286231140668286,0.547698090246102,-0.473817424359394
889,"Cluster 2",-0.261276098942586,1.28465543953445,-0.833838187631215,0.128400245807321,0.322585376333141,-0.418605054432267
890,"Cluster 2",-0.00577154946783087,-1.41052157418532,-1.23625397147088,-0.0541346152057958,-0.240196408449261,-0.252967944650887
892,"Cluster 3",1.39950347264332,-0.0629330673254363,-1.43746186339071,1.66782332177007,1.44814894589795,-1.19157823341204
893,"Cluster 1",-1.15554202210423,1.28465543953445,1.58065651540675,-0.605856525937171,-0.352752765405741,-0.0321184649423791
894,"Cluster 1",-1.09166588473554,1.28465543953445,1.58065651540675,-1.50755129049069,-1.70342904888351,1.29297841330867
895,"Cluster 3",1.39950347264332,1.28465543953445,-0.833838187631215,0.966047690707112,0.885367161115543,-1.41242771312055
896,"Cluster 3",1.20787506053726,-1.41052157418532,-0.632630295711385,1.72500842860376,1.67326165981091,-1.57806482290193
897,"Cluster 2",-0.197399961573898,2.63224394639433,-0.431422403791555,0.131602611790007,0.0974726624201804,-0.252967944650887
898,"Cluster 2",-0.64453292315472,-1.41052157418532,-0.833838187631215,0.175978254692945,0.0974726624201804,-0.584242164213648
899,"Cluster 2",-0.133523824205209,-0.0629330673254363,-0.230214511871725,0.145784518284761,0.435141733289622,-0.529029794286521
900,"Cluster 3",1.33562733527464,1.28465543953445,-1.23625397147088,1.85722039560323,1.56070530285443,-1.74370193268331
901,"Cluster 3",1.46337961001201,1.28465543953445,-1.63866975531054,1.72089110091173,1.89837437372387,-1.41242771312055
902,"Cluster 1",-0.963913609998164,-0.0629330673254363,1.17824073156709,-0.947137243520592,-1.02809090714462,0.851279453891651
903,"Cluster 3",1.39950347264332,-0.0629330673254363,-1.03504607955105,1.75108483731992,1.67326165981091,-2.01976378231895
904,"Cluster 1",-0.963913609998164,2.63224394639433,0.775824947727427,-1.38128657460192,-1.36575997801407,0.961704193745905
905,"Cluster 1",-1.21941815947292,-0.0629330673254363,0.977032839647257,-1.26417147580653,-1.02809090714462,1.18255367345441
906,"Cluster 1",-1.21941815947292,1.28465543953445,1.17824073156709,-0.736696050372638,-0.915534550188143,0.354368124547509
907,"Cluster 3",1.5272557473807,-0.0629330673254363,-1.23625397147088,1.56077280177742,1.33559258894147,-1.79891430261044
908,"Cluster 3",1.39950347264332,-1.41052157418532,-1.63866975531054,1.30000871461582,1.56070530285443,-0.749879273995029
909,"Cluster 3",1.78276029685546,-1.41052157418532,-1.23625397147088,1.52737669938655,1.44814894589795,-1.68848956275619
910,"Cluster 2",-0.00577154946783087,2.63224394639433,-1.23625397147088,0.0844820837590523,0.210029019376661,-0.418605054432267
911,"Cluster 2",-0.580656785786031,-0.0629330673254363,-0.230214511871725,0.0387339982921057,0.210029019376661,0.0230939049847478
912,"Cluster 2",-0.325152236311275,-0.0629330673254363,0.373409163887766,0.201139701699766,0.322585376333141,-0.087330834869506
913,"Cluster 3",1.46337961001201,-1.41052157418532,-0.833838187631215,1.3947072515324,1.44814894589795,-0.805091643922156
914,"Cluster 1",-1.09166588473554,-0.0629330673254363,0.977032839647257,-0.698267658580403,-0.465309122362222,0.575217604256017
915,"Cluster 2",-0.00577154946783087,-1.41052157418532,-0.230214511871725,0.166828637599556,0.0974726624201804,-0.363392684505141
916,"Cluster 3",1.46337961001201,-1.41052157418532,-0.833838187631215,1.59005157647626,1.33559258894147,-1.35721534319342
917,"Cluster 1",-0.836161335260786,-0.0629330673254363,1.17824073156709,-0.937530145572534,-1.02809090714462,1.07212893360016
918,"Cluster 1",-1.09166588473554,-0.0629330673254363,1.17824073156709,-1.14110912590045,-1.36575997801407,1.18255367345441
919,"Cluster 2",0.058104587900858,-0.0629330673254363,0.574617055807596,0.0218072066693356,-0.0150836945363,0.133518644839002
920,"Cluster 2",0.058104587900858,-0.0629330673254363,-0.0290066199518942,0.254207480841424,0.435141733289622,-0.087330834869506
921,"Cluster 3",1.59113188474939,-1.41052157418532,-1.03504607955105,1.47796876708224,1.33559258894147,-1.41242771312055
922,"Cluster 2",-0.133523824205209,-0.0629330673254363,-0.230214511871725,0.40334623946367,0.435141733289622,-0.639454534140775
923,"Cluster 2",-0.00577154946783087,-0.0629330673254363,-0.632630295711385,0.144869556575422,0.210029019376661,-0.087330834869506
924,"Cluster 3",1.39950347264332,-0.0629330673254363,-1.63866975531054,1.7812785737281,1.67326165981091,-1.74370193268331
925,"Cluster 1",-0.963913609998164,-1.41052157418532,1.17824073156709,-1.06196493804263,-0.802978193231663,0.796067083964524
926,"Cluster 1",-0.963913609998164,-0.0629330673254363,0.775824947727427,-1.33370856571629,-1.47831633497055,1.40340315316292
927,"Cluster 2",-0.261276098942586,-0.0629330673254363,-0.632630295711385,-0.387180677405167,-0.465309122362222,0.409580494474636
928,"Cluster 1",-0.900037472629475,-0.0629330673254363,0.775824947727427,-0.610431334483866,-0.465309122362222,0.575217604256017
929,"Cluster 2",-0.00577154946783087,-0.0629330673254363,0.172201271967936,-0.180399331094568,-0.12764005149278,0.464792864401763
930,"Cluster 3",1.20787506053726,-0.0629330673254363,-1.03504607955105,1.36680091939756,1.33559258894147,-1.46764008304768
931,"Cluster 3",1.39950347264332,-0.0629330673254363,-0.632630295711385,1.43954037529001,1.22303623198498,-1.41242771312055
932,"Cluster 2",-0.133523824205209,-1.41052157418532,0.574617055807596,0.426677763051812,0.660254447202583,-0.363392684505141
933,"Cluster 3",1.78276029685546,1.28465543953445,-1.23625397147088,1.28445436555706,1.44814894589795,-1.19157823341204
934,"Cluster 1",-1.09166588473554,2.63224394639433,0.977032839647257,-1.05418776351325,-1.02809090714462,0.906491823818778
935,"Cluster 3",1.71888415948677,1.28465543953445,-0.632630295711385,1.41163404315517,1.56070530285443,-1.52285245297481
936,"Cluster 2",-0.00577154946783087,-0.0629330673254363,-0.0290066199518942,-0.00106683606413767,-0.240196408449261,0.133518644839002
937,"Cluster 1",-1.02778974736685,-0.0629330673254363,1.37944862348692,-0.842831608655954,-0.690421836275183,0.796067083964524
938,"Cluster 3",1.46337961001201,-0.0629330673254363,-1.63866975531054,1.71768873492904,1.67326165981091,-1.52285245297481
939,"Cluster 3",1.71888415948677,1.28465543953445,-0.632630295711385,1.5356113547706,1.67326165981091,-1.74370193268331
940,"Cluster 2",0.121980725269547,1.28465543953445,0.172201271967936,-0.122756743406216,0.0974726624201804,0.133518644839002
941,"Cluster 3",1.71888415948677,-0.0629330673254363,-0.833838187631215,1.33752214469872,1.56070530285443,-1.57806482290193
942,"Cluster 1",-1.02778974736685,-0.0629330673254363,0.172201271967936,-1.24495727991041,-1.25320362105758,1.67946500279855
943,"Cluster 2",-0.325152236311275,-0.0629330673254363,-0.431422403791555,0.0844820837590523,0.210029019376661,-0.142543204796633
944,"Cluster 1",-1.02778974736685,-0.0629330673254363,0.373409163887766,-1.1388217216271,-1.36575997801407,1.12734130352729
945,"Cluster 2",-0.00577154946783087,-1.41052157418532,-0.230214511871725,0.413868299121068,0.322585376333141,-0.805091643922156
946,"Cluster 2",-0.0696476868365198,-0.0629330673254363,0.574617055807596,-0.388095639114506,-0.577865479318702,0.464792864401763
947,"Cluster 1",-0.963913609998164,-0.0629330673254363,1.37944862348692,-1.46363312844242,-1.36575997801407,1.5690402629443
948,"Cluster 2",-0.197399961573898,-1.41052157418532,-0.0290066199518942,-0.147918190413036,-0.12764005149278,0.0783062749118747
949,"Cluster 1",-1.15554202210423,1.28465543953445,1.17824073156709,-1.0519003592399,-1.25320362105758,0.851279453891651
950,"Cluster 2",-0.0696476868365198,-1.41052157418532,-0.833838187631215,0.661822922351918,0.660254447202583,-0.529029794286521
951,"Cluster 1",-1.09166588473554,-0.0629330673254363,0.574617055807596,-1.29985498247075,-1.1406472641011,1.18255367345441
952,"Cluster 2",0.185856862638236,-0.0629330673254363,0.373409163887766,0.0533733856415286,-0.0150836945363,0.133518644839002
953,"Cluster 3",1.5272557473807,-1.41052157418532,-1.23625397147088,1.51090738861845,1.44814894589795,-1.46764008304768
954,"Cluster 2",0.121980725269547,-0.0629330673254363,-0.230214511871725,0.173233369564928,0.0974726624201804,-0.529029794286521
955,"Cluster 2",-0.197399961573898,-1.41052157418532,0.172201271967936,-0.0335479767456698,-0.0150836945363,-0.19775557472376
956,"Cluster 3",1.46337961001201,-0.0629330673254363,-1.63866975531054,1.88787161286609,1.89837437372387,-1.74370193268331
957,"Cluster 1",-1.15554202210423,2.63224394639433,0.977032839647257,-1.48147488177453,-1.70342904888351,1.40340315316292
958,"Cluster 2",-0.133523824205209,-1.41052157418532,-0.632630295711385,0.0881419305964079,-0.12764005149278,0.133518644839002
959,"Cluster 1",-1.09166588473554,-1.41052157418532,0.977032839647257,-1.08849882761346,-1.02809090714462,0.575217604256017
960,"Cluster 1",-1.09166588473554,-0.0629330673254363,1.78186440732658,-0.933870298735178,-0.690421836275183,0.575217604256017
961,"Cluster 1",-1.02778974736685,-0.0629330673254363,1.58065651540675,-1.12097996829499,-1.25320362105758,0.906491823818778
962,"Cluster 1",-0.64453292315472,-1.41052157418532,1.58065651540675,-1.19509186675144,-1.25320362105758,1.01691656367303
963,"Cluster 1",-0.708409060523409,1.28465543953445,0.775824947727427,-1.4220023706675,-1.59087269192703,0.961704193745905
964,"Cluster 2",0.058104587900858,-1.41052157418532,-0.0290066199518942,0.0927167391431026,-0.0150836945363,-0.252967944650887
965,"Cluster 3",1.39950347264332,-0.0629330673254363,-0.833838187631215,1.63488470023387,1.56070530285443,-1.90933904246469
966,"Cluster 1",-1.21941815947292,2.63224394639433,1.17824073156709,-1.10908546607358,-1.1406472641011,1.23776604338154
967,"Cluster 1",-1.02778974736685,-0.0629330673254363,0.977032839647257,-1.24998956931178,-1.1406472641011,0.906491823818778
968,"Cluster 2",-0.00577154946783087,1.28465543953445,-0.632630295711385,-0.836884357545251,-0.915534550188143,0.851279453891651
969,"Cluster 3",1.65500802211808,-0.0629330673254363,-0.632630295711385,1.24922833974751,1.22303623198498,-1.02594112363066
970,"Cluster 1",-1.02778974736685,1.28465543953445,0.977032839647257,-0.973671133091421,-0.915534550188143,0.796067083964524
971,"Cluster 3",2.1021409836989,-0.0629330673254363,-1.23625397147088,1.36680091939756,1.44814894589795,-1.13636586348492
972,"Cluster 2",-0.00577154946783087,-0.0629330673254363,-0.0290066199518942,0.213034203921172,0.210029019376661,0.0230939049847478
973,"Cluster 3",1.27175119790595,-0.0629330673254363,-0.833838187631215,1.45326480093009,1.33559258894147,-1.52285245297481
974,"Cluster 2",-0.133523824205209,1.28465543953445,-0.230214511871725,-0.527169818934023,-0.240196408449261,0.133518644839002
975,"Cluster 2",-0.261276098942586,-0.0629330673254363,-0.230214511871725,-0.0692314834098881,-0.12764005149278,0.133518644839002
976,"Cluster 1",-1.09166588473554,-0.0629330673254363,0.977032839647257,-0.457175248169595,-0.577865479318702,0.0230939049847478
977,"Cluster 3",1.46337961001201,-0.0629330673254363,-0.833838187631215,1.2629527653876,1.1104798750285,-1.19157823341204
978,"Cluster 2",-0.389028373679964,-0.0629330673254363,-0.431422403791555,-0.0271432447802972,-0.352752765405741,-0.19775557472376
979,"Cluster 2",-0.261276098942586,-1.41052157418532,-0.0290066199518942,0.265644502208161,0.322585376333141,0.133518644839002
980,"Cluster 1",-1.09166588473554,1.28465543953445,0.977032839647257,-0.780156731566237,-0.577865479318702,0.409580494474636
981,"Cluster 1",-1.15554202210423,-0.0629330673254363,1.78186440732658,-0.854268630022691,-1.02809090714462,0.740854714037397
982,"Cluster 1",-0.900037472629475,-0.0629330673254363,1.17824073156709,-1.13790675991776,-1.02809090714462,1.40340315316292
983,"Cluster 3",1.33562733527464,-0.0629330673254363,-1.03504607955105,1.28994413581309,1.44814894589795,-0.860304013849283
984,"Cluster 1",-1.15554202210423,2.63224394639433,1.17824073156709,-1.39180863425931,-1.1406472641011,1.18255367345441
985,"Cluster 3",1.27175119790595,-0.0629330673254363,-0.833838187631215,1.37457809392695,1.56070530285443,-1.13636586348492
986,"Cluster 3",1.71888415948677,-0.0629330673254363,-1.03504607955105,0.940886243700292,0.997923518072024,-0.915516383776409
987,"Cluster 2",0.377485274744302,-0.0629330673254363,0.172201271967936,0.107813607347195,-0.0150836945363,0.0230939049847478
988,"Cluster 2",-0.0696476868365198,-0.0629330673254363,-0.0290066199518942,-0.02485584050695,-0.12764005149278,0.409580494474636
989,"Cluster 2",0.377485274744302,2.63224394639433,-0.0290066199518942,-0.0824984281953026,0.0974726624201804,-0.142543204796633
990,"Cluster 1",-1.02778974736685,1.28465543953445,0.775824947727427,-0.471357154664348,-0.352752765405741,0.575217604256017
991,"Cluster 2",-0.133523824205209,-1.41052157418532,-0.431422403791555,0.13800734375538,0.322585376333141,-0.252967944650887
992,"Cluster 2",-0.389028373679964,-0.0629330673254363,0.172201271967936,0.261984655370805,0.210029019376661,-0.473817424359394
993,"Cluster 1",-1.09166588473554,1.28465543953445,0.574617055807596,-1.46637801357044,-1.59087269192703,0.851279453891651
994,"Cluster 1",-0.900037472629475,-0.0629330673254363,0.574617055807596,-1.2106462158102,-0.915534550188143,1.12734130352729
995,"Cluster 1",-0.772285197892097,1.28465543953445,1.98307229924641,-0.446653188512197,-0.352752765405741,0.906491823818778
996,"Cluster 3",1.71888415948677,-0.0629330673254363,-1.23625397147088,1.28628428897574,0.997923518072024,-1.46764008304768
997,"Cluster 1",-1.21941815947292,-1.41052157418532,1.78186440732658,-1.40416061733539,-1.1406472641011,1.45861552309005
998,"Cluster 2",-0.0696476868365198,-0.0629330673254363,0.172201271967936,0.309562664256429,0.210029019376661,-0.860304013849283
999,"Cluster 1",-1.28329429684161,1.28465543953445,1.17824073156709,-1.24083995221839,-1.25320362105758,1.40340315316292
1000,"Cluster 2",0.058104587900858,-0.0629330673254363,-0.230214511871725,0.261069693661466,0.210029019376661,-0.473817424359394
